{"epoch_loss": 0.39744803309440613, "epoch": 199, "_timestamp": 1750691120.9135058, "_runtime": 391.8382487297058, "_step": 1011, "mean_alpha": 0.2044980227947235, "val_f1": 0.5016077160835266, "val_precision": 0.6964285969734192, "val_recall": 0.3919597864151001, "test_f1": 0.1289823204278946, "test_precision": 0.10314946621656418, "test_recall": 0.17207762598991394, "_wandb": {"runtime": 390}}