{"epoch_loss": 0.5256586074829102, "epoch": 299, "_timestamp": 1750927285.4637609, "_runtime": 54.93525195121765, "_step": 1529, "mean_alpha": 0.03975498303771019, "val_f1": 0.4166666567325592, "val_precision": 0.4545454680919647, "val_recall": 0.38461539149284363, "test_f1": 0.4615693986415863, "test_precision": 0.43788835406303406, "test_recall": 0.48795822262763977, "_wandb": {"runtime": 54}}