{"epoch_loss": 0.5544784665107727, "epoch": 299, "_timestamp": 1750927356.133343, "_runtime": 62.650980949401855, "_step": 1544, "mean_alpha": 0.03982727602124214, "val_f1": 0.4166666567325592, "val_precision": 0.4545454680919647, "val_recall": 0.38461539149284363, "test_f1": 0.42999595403671265, "test_precision": 0.39570143818855286, "test_recall": 0.4707990288734436, "_wandb": {"runtime": 61}}