{"epoch_loss": -0.6856800317764282, "epoch": 29, "_timestamp": 1750783496.8514216, "_runtime": 16.97295069694519, "_step": 188, "epoch_loss_ce": 0.0024345163255929947, "epoch_loss_sim": 0.6881145238876343, "val_f1": 0.2962963283061981, "val_precision": 0.2857142984867096, "val_recall": 0.3076923191547394, "test_f1": 0.5225011110305786, "test_precision": 0.4663773477077484, "test_recall": 0.593980610370636, "_wandb": {"runtime": 16}}