{"test_f1": 0.36693519353866577, "epoch": 30, "_timestamp": 1750831705.2950838, "_runtime": 850.9944567680359, "_step": 194, "test_precision": 0.24907684326171875, "test_recall": 0.6965104341506958, "epoch_loss": -0.9934869578906468, "epoch_loss_ce": 0.0014522773521353624, "epoch_loss_sim": 0.9949392378330231, "val_f1": 0.7138932943344116, "val_precision": 0.6915966272354126, "val_recall": 0.7376755475997925, "_wandb": {"runtime": 849}}