{"epoch_loss": 0.6556251645088196, "epoch": 199, "_timestamp": 1750848035.1057413, "_runtime": 41.46114230155945, "_step": 1026, "mean_alpha": 0.3202170431613922, "val_f1": 0.4000000059604645, "val_precision": 0.5714285969734192, "val_recall": 0.3076923191547394, "test_f1": 0.29222652316093445, "test_precision": 0.18513518571853638, "test_recall": 0.6932182312011719, "_wandb": {"runtime": 40}}