{"epoch_loss": -75.73011888776507, "epoch": 99, "_timestamp": 1750768473.0425, "_runtime": 715.3785319328308, "_step": 608, "epoch_loss_ce": 0.02942610571959189, "epoch_loss_sim": 75.7595454624721, "val_f1": 0.518424391746521, "val_precision": 0.5612104535102844, "val_recall": 0.4817001223564148, "test_f1": 0.37234893441200256, "test_precision": 0.2788647711277008, "test_recall": 0.5601178407669067, "_wandb": {"runtime": 714}}