{"epoch_loss": 0.5229876935482025, "epoch": 58, "_timestamp": 1750665921.176329, "_runtime": 128.92839193344116, "_step": 268, "val_f1": 0.44590163230895996, "val_precision": 0.6071428656578064, "val_recall": 0.35233160853385925, "test_f1": 0.3074198365211487, "test_precision": 0.18166203796863556, "test_recall": 0.9989674091339111, "_wandb": {"runtime": 127}}