{"epoch_loss": -0.9753276024545942, "epoch": 29, "_timestamp": 1750784750.487498, "_runtime": 225.31968808174133, "_step": 191, "epoch_loss_ce": 0.007014755625277758, "epoch_loss_sim": 0.9823423624038696, "val_f1": 0.6118665337562561, "val_precision": 0.6338028311729431, "val_recall": 0.5913978219032288, "test_f1": 0.40865808725357056, "test_precision": 0.29766249656677246, "test_recall": 0.6516536474227905, "_wandb": {"runtime": 224}}