{"epoch_loss": 0.2566336989402771, "epoch": 199, "_timestamp": 1750693879.8515985, "_runtime": 109.93051648139954, "_step": 1017, "mean_alpha": 0.34197989106178284, "val_f1": 0.4523809552192688, "val_precision": 0.5428571701049805, "val_recall": 0.3877550959587097, "test_f1": 0.3747490346431732, "test_precision": 0.271125465631485, "test_recall": 0.6065842509269714, "_wandb": {"runtime": 108}}