{"epoch_loss": -6.757796287536621, "epoch": 99, "_timestamp": 1750756882.5378864, "_runtime": 16.611783266067505, "_step": 614, "epoch_loss_ce": 0.0006213652668520808, "epoch_loss_sim": 6.75841760635376, "val_f1": 0.4444444477558136, "val_precision": 0.4285714328289032, "val_recall": 0.4615384638309479, "test_f1": 0.3882509171962738, "test_precision": 0.31556618213653564, "test_recall": 0.5044389367103577, "_wandb": {"runtime": 15}}