{"epoch_loss": 0.4307488203048706, "epoch": 99, "_timestamp": 1750677215.4912322, "_runtime": 82.05632615089417, "_step": 447, "val_f1": 0.5238094329833984, "val_precision": 0.7857142686843872, "val_recall": 0.3928571343421936, "test_f1": 0.33077916502952576, "test_precision": 0.19886049628257751, "test_recall": 0.9826282262802124, "_wandb": {"runtime": 80}}