{"test_f1": 0.3886265158653259, "epoch": 30, "_timestamp": 1750833442.3986003, "_runtime": 848.5090193748474, "_step": 194, "test_precision": 0.2590830326080322, "test_recall": 0.7772648334503174, "epoch_loss": -0.9931602052279881, "epoch_loss_ce": 0.001811738928414083, "epoch_loss_sim": 0.9949719501393182, "val_f1": 0.7095696330070496, "val_precision": 0.6564432978630066, "val_recall": 0.7720521092414856, "_wandb": {"runtime": 847}}