{"epoch_loss": -11.52204418182373, "epoch": 199, "_timestamp": 1750751921.751065, "_runtime": 37.750678062438965, "_step": 814, "val_f1": 0.2978723347187042, "val_precision": 0.21212121844291687, "val_recall": 0.5, "test_f1": 0.2951306402683258, "test_precision": 0.1896747499704361, "test_recall": 0.6646825075149536, "_wandb": {"runtime": 36}}