{"epoch_loss": 0.6158790588378906, "epoch": 184, "_timestamp": 1750924125.8107076, "_runtime": 101.05752754211426, "_step": 948, "mean_alpha": 0.0, "val_f1": 0.5542168617248535, "val_precision": 0.8214285969734192, "val_recall": 0.41818180680274963, "test_f1": 0.643407940864563, "test_precision": 0.5171096920967102, "test_recall": 0.8513377904891968, "_wandb": {"runtime": 99}}