{"epoch_loss": -0.8678675889968872, "epoch": 29, "_timestamp": 1750770869.392142, "_runtime": 66.15495014190674, "_step": 188, "epoch_loss_ce": 0.004106458043679595, "epoch_loss_sim": 0.8719740509986877, "val_f1": 0.5306122303009033, "val_precision": 0.5445026159286499, "val_recall": 0.5174129605293274, "test_f1": 0.4554372727870941, "test_precision": 0.34732258319854736, "test_recall": 0.6612809896469116, "_wandb": {"runtime": 64}}