{"epoch_loss": 0.43785832822322845, "epoch": 199, "_timestamp": 1750692631.7172716, "_runtime": 422.19953751564026, "_step": 1026, "mean_alpha": 0.21566136181354523, "val_f1": 0.4356435239315033, "val_precision": 0.7021276354789734, "val_recall": 0.31578946113586426, "test_f1": 0.24324923753738403, "test_precision": 0.20449888706207275, "test_recall": 0.30011844635009766, "_wandb": {"runtime": 420}}