{"epoch_loss": -11.981873512268066, "epoch": 199, "_timestamp": 1750754002.5143692, "_runtime": 26.571977138519287, "_step": 1208, "epoch_loss_ce": 0.01188812218606472, "epoch_loss_sim": -11.993762016296387, "val_f1": 0.5999999642372131, "val_precision": 0.8571428656578064, "val_recall": 0.4615384638309479, "test_f1": 0.46865132451057434, "test_precision": 0.6003466844558716, "test_recall": 0.3843403160572052, "_wandb": {"runtime": 25}}