{"epoch_loss": -1212.116943359375, "epoch": 199, "_timestamp": 1750753413.4185364, "_runtime": 38.14673447608948, "_step": 1214, "epoch_loss_ce": 0.6385429501533508, "epoch_loss_sim": -1212.7554931640625, "val_f1": 0.5999999642372131, "val_precision": 0.8571428656578064, "val_recall": 0.4615384638309479, "test_f1": 0.44474175572395325, "test_precision": 0.5026605129241943, "test_recall": 0.39879125356674194, "_wandb": {"runtime": 36}}