{"epoch_loss": 0.2505442798137665, "epoch": 199, "_timestamp": 1750695985.1376073, "_runtime": 40.29889941215515, "_step": 1014, "mean_alpha": 0.3311142921447754, "val_f1": 0.5217391848564148, "val_precision": 0.6000000238418579, "val_recall": 0.4615384638309479, "test_f1": 0.412920206785202, "test_precision": 0.3942273259162903, "test_recall": 0.43347403407096863, "_wandb": {"runtime": 38}}