{"epoch_loss": -7.573611259460449, "epoch": 99, "_timestamp": 1750757508.427941, "_runtime": 62.46633219718933, "_step": 632, "epoch_loss_ce": 0.005776479374617338, "epoch_loss_sim": 7.579387664794922, "val_f1": 0.48076921701431274, "val_precision": 0.5, "val_recall": 0.46296295523643494, "test_f1": 0.5414847731590271, "test_precision": 0.3802163898944855, "test_recall": 0.940320611000061, "_wandb": {"runtime": 50}}