{"epoch_loss": 0.46658051013946533, "epoch": 99, "_timestamp": 1750921607.5588055, "_runtime": 59.06905651092529, "_step": 414, "val_f1": 0.465753436088562, "val_precision": 0.6071428656578064, "val_recall": 0.3777777850627899, "test_f1": 0.41134920716285706, "test_precision": 0.3077862560749054, "test_recall": 0.6199471354484558, "_wandb": {"runtime": 58}}