{"epoch_loss": 0.7516940236091614, "epoch": 299, "_timestamp": 1750926968.3524075, "_runtime": 52.6351203918457, "_step": 1526, "mean_alpha": 0.20600739121437073, "val_f1": 0.4285714328289032, "val_precision": 0.4000000059604645, "val_recall": 0.4615384638309479, "test_f1": 0.3037436008453369, "test_precision": 0.20849184691905975, "test_recall": 0.5592371225357056, "_wandb": {"runtime": 51}}