{"test_f1": 0.3366720676422119, "epoch": 30, "_timestamp": 1750824446.5700018, "_runtime": 430.401006937027, "_step": 191, "test_precision": 0.23850516974925995, "test_recall": 0.5721747875213623, "epoch_loss": -0.9871206709316799, "epoch_loss_ce": 0.002739014561354582, "epoch_loss_sim": 0.989859687430518, "val_f1": 0.6742226481437683, "val_precision": 0.6572238206863403, "val_recall": 0.6921241283416748, "_wandb": {"runtime": 429}}