{"epoch_loss": 0.46614310145378113, "epoch": 99, "_timestamp": 1750923380.802586, "_runtime": 55.159306049346924, "_step": 405, "val_f1": 0.5116278529167175, "val_precision": 0.7857142686843872, "val_recall": 0.37931033968925476, "test_f1": 0.4415164291858673, "test_precision": 0.5023241639137268, "test_recall": 0.3938409090042114, "_wandb": {"runtime": 54}}