{"epoch_loss": 0.3192591667175293, "epoch": 199, "_timestamp": 1750696028.4635599, "_runtime": 39.36665678024292, "_step": 1011, "mean_alpha": 0.3347514271736145, "val_f1": 0.2352941334247589, "val_precision": 0.4000000059604645, "val_recall": 0.1666666716337204, "test_f1": 0.10265181213617325, "test_precision": 0.0922224372625351, "test_recall": 0.11574088037014008, "_wandb": {"runtime": 37}}