{"epoch_loss": -1.3891772627830505, "epoch": 14, "_timestamp": 1750770526.7217038, "_runtime": 44.99803686141968, "_step": 104, "epoch_loss_ce": 0.016445601359009743, "epoch_loss_sim": 1.4056228995323181, "val_f1": 0.5595568418502808, "val_precision": 0.7062937021255493, "val_recall": 0.46330276131629944, "test_f1": 0.456439346075058, "test_precision": 0.3926562964916229, "test_recall": 0.5449631214141846, "_wandb": {"runtime": 43}}