{"epoch_loss": 0.18199360370635986, "epoch": 99, "_timestamp": 1750949026.6135364, "_runtime": 187.92020845413208, "_step": 405, "val_f1": 0.5245901942253113, "val_precision": 0.8247422575950623, "val_recall": 0.38461539149284363, "test_f1": 0.4451940953731537, "test_precision": 0.5038176774978638, "test_recall": 0.39879125356674194, "_wandb": {"runtime": 187}}