{"epoch_loss": 0.6007925271987915, "epoch": 299, "_timestamp": 1750927416.4572651, "_runtime": 52.170778036117554, "_step": 1526, "mean_alpha": 0.015289836563169956, "val_f1": 0.10526315867900848, "val_precision": 0.1666666716337204, "val_recall": 0.07692307978868484, "test_f1": 0.294666588306427, "test_precision": 0.19666463136672974, "test_recall": 0.5873599052429199, "_wandb": {"runtime": 51}}