{"epoch_loss": 0.04481647536158562, "epoch": 62, "_timestamp": 1750755626.6743076, "_runtime": 11.402684688568115, "_step": 380, "epoch_loss_ce": 0.010441947728395462, "epoch_loss_sim": 0.034374527633190155, "val_f1": 0.0, "val_precision": 0.0, "val_recall": 0.0, "test_f1": 0.1262110471725464, "test_precision": 0.1345241367816925, "test_recall": 0.11886560171842575, "_wandb": {"runtime": 10}}