{"epoch_loss": 0.012417996302247047, "epoch": 299, "_timestamp": 1750937925.4254801, "_runtime": 547.1457290649414, "_step": 1532, "mean_alpha": 0.23482391238212585, "val_f1": 0.532608687877655, "val_precision": 0.6405228972434998, "val_recall": 0.4558139443397522, "test_f1": 0.2866854667663574, "test_precision": 0.19038079679012299, "test_recall": 0.5801621675491333, "_wandb": {"runtime": 546}}