{"epoch_loss": -4.27821159362793, "epoch": 99, "_timestamp": 1750756393.245849, "_runtime": 17.126369953155518, "_step": 614, "epoch_loss_ce": 0.0029886518605053425, "epoch_loss_sim": 4.281200408935547, "val_f1": 0.3999999761581421, "val_precision": 0.2702702581882477, "val_recall": 0.7692307829856873, "test_f1": 0.4850161075592041, "test_precision": 0.38733431696891785, "test_recall": 0.6485819816589355, "_wandb": {"runtime": 16}}