{"test_f1": 0.3743833303451538, "epoch": 30, "_timestamp": 1750830844.4370613, "_runtime": 862.4490213394165, "_step": 209, "test_precision": 0.24968568980693817, "test_recall": 0.7478968501091003, "epoch_loss": -0.995483724134309, "epoch_loss_ce": 0.0013722235744353384, "epoch_loss_sim": 0.9968559507812772, "val_f1": 0.7144162654876709, "val_precision": 0.7236801385879517, "val_recall": 0.7053866982460022, "_wandb": {"runtime": 861}}