{"epoch_loss": 0.6167720556259155, "epoch": 299, "_timestamp": 1750917613.8480804, "_runtime": 61.957475423812866, "_step": 1535, "mean_alpha": 0.0, "val_f1": 0.4000000059604645, "val_precision": 0.5714285969734192, "val_recall": 0.3076923191547394, "test_f1": 0.33597812056541443, "test_precision": 0.27917027473449707, "test_recall": 0.42181187868118286, "_wandb": {"runtime": 61}}