{"epoch_loss": 0.008629280608147383, "epoch": 299, "_timestamp": 1750939060.9012341, "_runtime": 562.1469812393188, "_step": 1580, "mean_alpha": 0.23332716524600983, "val_f1": 0.5530726313591003, "val_precision": 0.6875, "val_recall": 0.46261683106422424, "test_f1": 0.2866573631763458, "test_precision": 0.19034619629383087, "test_recall": 0.5802533030509949, "_wandb": {"runtime": 561}}