{"epoch_loss": -76.11702183314732, "epoch": 99, "_timestamp": 1750769211.4130366, "_runtime": 717.4162735939026, "_step": 605, "epoch_loss_ce": 0.042092732311825136, "epoch_loss_sim": 76.15911429268974, "val_f1": 0.5431789755821228, "val_precision": 0.5718050003051758, "val_recall": 0.5172824859619141, "test_f1": 0.44174814224243164, "test_precision": 0.328949511051178, "test_recall": 0.6722750067710876, "_wandb": {"runtime": 716}}