{"epoch_loss": -0.9845869541168213, "epoch": 99, "_timestamp": 1750784166.510041, "_runtime": 26.019366979599, "_step": 611, "epoch_loss_ce": 7.196947262855247e-05, "epoch_loss_sim": 0.9846588969230652, "val_f1": 0.4545454680919647, "val_precision": 0.5555555820465088, "val_recall": 0.38461539149284363, "test_f1": 0.4400233030319214, "test_precision": 0.5048959851264954, "test_recall": 0.3899231553077698, "_wandb": {"runtime": 25}}