{"epoch_loss": 0.4400986433029175, "epoch": 199, "_timestamp": 1750694269.2534652, "_runtime": 236.43012619018555, "_step": 1077, "mean_alpha": 0.3090490996837616, "val_f1": 0.47368425130844116, "val_precision": 0.6428571343421936, "val_recall": 0.375, "test_f1": 0.3661375343799591, "test_precision": 0.22978439927101135, "test_recall": 0.9004768133163452, "_wandb": {"runtime": 235}}