{"epoch_loss": 0.45980626344680786, "epoch": 99, "_timestamp": 1750923444.020691, "_runtime": 55.1532199382782, "_step": 408, "val_f1": 0.5393258333206177, "val_precision": 0.8571428656578064, "val_recall": 0.39344263076782227, "test_f1": 0.4450884461402893, "test_precision": 0.503547191619873, "test_recall": 0.39879125356674194, "_wandb": {"runtime": 54}}