{"epoch_loss": 0.44307467341423035, "epoch": 99, "_timestamp": 1750678034.9718919, "_runtime": 96.21457481384277, "_step": 417, "val_f1": 0.4615384340286255, "val_precision": 0.6428571343421936, "val_recall": 0.36000001430511475, "test_f1": 0.41712191700935364, "test_precision": 0.32431021332740784, "test_recall": 0.5843532681465149, "_wandb": {"runtime": 90}}