{"epoch_loss": -0.9858897626399994, "epoch": 99, "_timestamp": 1750771787.796772, "_runtime": 197.05921602249146, "_step": 623, "epoch_loss_ce": 0.0011391546577215195, "epoch_loss_sim": 0.9870289266109467, "val_f1": 0.49881231784820557, "val_precision": 0.49065420031547546, "val_recall": 0.5072463750839233, "test_f1": 0.438062459230423, "test_precision": 0.368000328540802, "test_recall": 0.5410757064819336, "_wandb": {"runtime": 196}}