{"epoch_loss": 0.6050683856010437, "epoch": 299, "_timestamp": 1750925343.5674322, "_runtime": 192.88232827186584, "_step": 1601, "mean_alpha": 0.002550880890339613, "val_f1": 0.4421052634716034, "val_precision": 0.41999998688697815, "val_recall": 0.46666666865348816, "test_f1": 0.4858047068119049, "test_precision": 0.4291502833366394, "test_recall": 0.5596926808357239, "_wandb": {"runtime": 192}}