{"epoch_loss": 0.006384258158504963, "epoch": 199, "_timestamp": 1750850960.4654043, "_runtime": 29.577207326889038, "_step": 1029, "mean_alpha": 0.21718516945838928, "val_f1": 0.5600000023841858, "val_precision": 0.699999988079071, "val_recall": 0.46666666865348816, "test_f1": 0.25729116797447205, "test_precision": 0.17271383106708527, "test_recall": 0.5041923522949219, "_wandb": {"runtime": 28}}