{"epoch_loss": 0.008640838786959648, "epoch": 199, "_timestamp": 1750850998.0303934, "_runtime": 29.698187351226807, "_step": 1026, "mean_alpha": 0.21562056243419647, "val_f1": 0.3636363744735718, "val_precision": 0.4444444477558136, "val_recall": 0.3076923191547394, "test_f1": 0.2566550672054291, "test_precision": 0.17257653176784515, "test_recall": 0.5004932284355164, "_wandb": {"runtime": 29}}