{"epoch_loss": 0.5068205147981644, "epoch": 199, "_timestamp": 1750665338.9118278, "_runtime": 365.6947717666626, "_step": 805, "val_f1": 0.5077399611473083, "val_precision": 0.7321428656578064, "val_recall": 0.3886255919933319, "test_f1": 0.3058130741119385, "test_precision": 0.1805122196674347, "test_recall": 0.9998481273651123, "_wandb": {"runtime": 363}}