{"epoch_loss": 0.008708854205906391, "epoch": 299, "_timestamp": 1750947628.0958662, "_runtime": 153.50583815574646, "_step": 1520, "mean_alpha": 0.24865086376667023, "val_f1": 0.493827223777771, "val_precision": 0.7692307829856873, "val_recall": 0.3636363744735718, "test_f1": 0.28664857149124146, "test_precision": 0.19032537937164307, "test_recall": 0.5803747773170471, "_wandb": {"runtime": 152}}