{"epoch_loss": 0.3446328938007355, "epoch": 199, "_timestamp": 1750694580.5936122, "_runtime": 157.29646921157837, "_step": 1029, "mean_alpha": 0.32645487785339355, "val_f1": 0.5060241222381592, "val_precision": 0.6774193644523621, "val_recall": 0.4038461446762085, "test_f1": 0.3430533707141876, "test_precision": 0.2898535430431366, "test_recall": 0.4201718866825104, "_wandb": {"runtime": 155}}