{"epoch_loss": 0.18664299696683884, "epoch": 99, "_timestamp": 1750948386.6183677, "_runtime": 196.76723265647888, "_step": 414, "val_f1": 0.4968153238296509, "val_precision": 0.7428571581840515, "val_recall": 0.3732057511806488, "test_f1": 0.4451940953731537, "test_precision": 0.5038176774978638, "test_recall": 0.39879125356674194, "_wandb": {"runtime": 196}}