{"epoch_loss": 0.28479477763175964, "epoch": 199, "_timestamp": 1750696220.970825, "_runtime": 101.16634488105774, "_step": 1035, "mean_alpha": 0.31330356001853943, "val_f1": 0.31578946113586426, "val_precision": 0.6000000238418579, "val_recall": 0.2142857164144516, "test_f1": 0.3125656843185425, "test_precision": 0.18529292941093445, "test_recall": 0.9982081651687622, "_wandb": {"runtime": 100}}