{"epoch_loss": -8.191686630249023, "epoch": 99, "_timestamp": 1750756741.376769, "_runtime": 40.71923518180847, "_step": 617, "epoch_loss_ce": 0.0033720890060067177, "epoch_loss_sim": 8.195058822631836, "val_f1": 0.4000000059604645, "val_precision": 0.3529411852359772, "val_recall": 0.4615384638309479, "test_f1": 0.45191752910614014, "test_precision": 0.3118758499622345, "test_recall": 0.8202219605445862, "_wandb": {"runtime": 16}}