{"epoch_loss": 0.43903645873069763, "epoch": 99, "_timestamp": 1750681304.5109572, "_runtime": 200.74820017814636, "_step": 420, "val_f1": 0.5353846549987793, "val_precision": 0.7631579041481018, "val_recall": 0.4123222827911377, "test_f1": 0.38521644473075867, "test_precision": 0.33846190571784973, "test_recall": 0.44695842266082764, "_wandb": {"runtime": 199}}