{"epoch_loss": -7.65755033493042, "epoch": 199, "_timestamp": 1750754796.3252907, "_runtime": 26.270989656448364, "_step": 1202, "epoch_loss_ce": 0.011231121607124805, "epoch_loss_sim": -7.668781280517578, "val_f1": 0.0, "val_precision": 0.0, "val_recall": 0.0, "test_f1": 0.12273038178682327, "test_precision": 0.13746176660060883, "test_recall": 0.11085080355405807, "_wandb": {"runtime": 25}}