{"epoch_loss": 0.3999280333518982, "epoch": 99, "_timestamp": 1750677840.4614654, "_runtime": 149.45982241630554, "_step": 450, "val_f1": 0.5238094329833984, "val_precision": 0.7857142686843872, "val_recall": 0.3928571343421936, "test_f1": 0.3258540630340576, "test_precision": 0.19745513796806335, "test_recall": 0.9317277669906616, "_wandb": {"runtime": 147}}