{"epoch_loss": -0.9787145256996155, "epoch": 99, "_timestamp": 1750771381.4752402, "_runtime": 193.9745852947235, "_step": 620, "epoch_loss_ce": 0.004470291896723211, "epoch_loss_sim": 0.983184814453125, "val_f1": 0.5467625260353088, "val_precision": 0.572864294052124, "val_recall": 0.5229358077049255, "test_f1": 0.4503767788410187, "test_precision": 0.3373991847038269, "test_recall": 0.6771038770675659, "_wandb": {"runtime": 193}}