{"epoch_loss": 0.43134763836860657, "epoch": 199, "_timestamp": 1750693095.0779507, "_runtime": 456.1566867828369, "_step": 1050, "mean_alpha": 0.20743981003761292, "val_f1": 0.5400593280792236, "val_precision": 0.7222222089767456, "val_recall": 0.43127962946891785, "test_f1": 0.428362101316452, "test_precision": 0.4559479057788849, "test_recall": 0.4039238393306732, "_wandb": {"runtime": 454}}