{"epoch_loss": 0.3020155429840088, "epoch": 99, "_timestamp": 1750675748.8865602, "_runtime": 50.92996311187744, "_step": 450, "val_f1": 0.5384615659713745, "val_precision": 0.5384615659713745, "val_recall": 0.5384615659713745, "test_f1": 0.35991907119750977, "test_precision": 0.2597259283065796, "test_recall": 0.5859628915786743, "_wandb": {"runtime": 49}}