{"epoch_loss": -8.851659774780273, "epoch": 199, "_timestamp": 1750754691.9089637, "_runtime": 26.416173696517944, "_step": 1202, "epoch_loss_ce": 0.012403830885887146, "epoch_loss_sim": -8.864063262939453, "val_f1": 0.0, "val_precision": 0.0, "val_recall": 0.0, "test_f1": 0.14561353623867035, "test_precision": 0.1665608137845993, "test_recall": 0.12934648990631104, "_wandb": {"runtime": 25}}