{"epoch_loss": 0.8057963848114014, "epoch": 299, "_timestamp": 1750924473.4365373, "_runtime": 139.61948132514954, "_step": 1505, "mean_alpha": 0.1935843676328659, "val_f1": 0.36942675709724426, "val_precision": 0.28431373834609985, "val_recall": 0.5272727012634277, "test_f1": 0.2955276668071747, "test_precision": 0.19042649865150452, "test_recall": 0.6595498919487, "_wandb": {"runtime": 138}}