{"epoch_loss": 0.4826241731643677, "epoch": 99, "_timestamp": 1750922453.242188, "_runtime": 69.8684139251709, "_step": 432, "val_f1": 0.38461539149284363, "val_precision": 0.4545454680919647, "val_recall": 0.3333333432674408, "test_f1": 0.4451940953731537, "test_precision": 0.5038176774978638, "test_recall": 0.39879125356674194, "_wandb": {"runtime": 69}}