{"epoch_loss": 0.39924192428588867, "epoch": 99, "_timestamp": 1750919187.0043592, "_runtime": 22.696744203567505, "_step": 405, "val_f1": 0.4000000059604645, "val_precision": 0.5714285969734192, "val_recall": 0.3076923191547394, "test_f1": 0.24275092780590057, "test_precision": 0.1782866269350052, "test_recall": 0.38023507595062256, "_wandb": {"runtime": 22}}