{"epoch_loss": 0.46797654032707214, "epoch": 99, "_timestamp": 1750922635.6365583, "_runtime": 80.00321221351624, "_step": 447, "val_f1": 0.5517241358757019, "val_precision": 0.6666666865348816, "val_recall": 0.47058823704719543, "test_f1": 0.4451940953731537, "test_precision": 0.5038176774978638, "test_recall": 0.39879125356674194, "_wandb": {"runtime": 79}}