{"epoch_loss": -5.133292198181152, "epoch": 99, "_timestamp": 1750756446.6029572, "_runtime": 18.333223342895508, "_step": 626, "epoch_loss_ce": 0.003182212356477976, "epoch_loss_sim": 5.136474609375, "val_f1": 0.4583333432674408, "val_precision": 0.3142857253551483, "val_recall": 0.8461538553237915, "test_f1": 0.3646257817745209, "test_precision": 0.2236030101776123, "test_recall": 0.9872996211051941, "_wandb": {"runtime": 17}}