{"epoch_loss": -18.733678817749023, "epoch": 99, "_timestamp": 1750758779.4204798, "_runtime": 178.62734079360962, "_step": 608, "epoch_loss_ce": 0.13740860298275948, "epoch_loss_sim": 18.871087074279785, "val_f1": 0.47727271914482117, "val_precision": 0.44871795177459717, "val_recall": 0.5097087621688843, "test_f1": 0.5003565549850464, "test_precision": 0.4071809947490692, "test_recall": 0.6488286256790161, "_wandb": {"runtime": 177}}