{"epoch_loss": -7.735169887542725, "epoch": 99, "_timestamp": 1750757005.3038292, "_runtime": 16.770679235458374, "_step": 611, "epoch_loss_ce": 0.004975853022187948, "epoch_loss_sim": 7.740145683288574, "val_f1": 0.2666666507720947, "val_precision": 0.2222222238779068, "val_recall": 0.3333333432674408, "test_f1": 0.49322378635406494, "test_precision": 0.4347253441810608, "test_recall": 0.5699136853218079, "_wandb": {"runtime": 15}}