{"epoch_loss": 0.23231369256973267, "epoch": 199, "_timestamp": 1750696298.0399723, "_runtime": 72.52103328704834, "_step": 1017, "mean_alpha": 0.32065555453300476, "val_f1": 0.5999999642372131, "val_precision": 0.8571428656578064, "val_recall": 0.4615384638309479, "test_f1": 0.3089469373226166, "test_precision": 0.1857432723045349, "test_recall": 0.9175752401351929, "_wandb": {"runtime": 70}}