{"epoch_loss": 0.00840216688811779, "epoch": 299, "_timestamp": 1750947466.6150696, "_runtime": 202.46650671958923, "_step": 1565, "mean_alpha": 0.24686361849308014, "val_f1": 0.5, "val_precision": 0.6129032373428345, "val_recall": 0.42222222685813904, "test_f1": 0.2865906357765198, "test_precision": 0.19028082489967346, "test_recall": 0.580314040184021, "_wandb": {"runtime": 201}}