{"epoch_loss": -7.654025077819824, "epoch": 99, "_timestamp": 1750756979.8694541, "_runtime": 17.268341064453125, "_step": 623, "epoch_loss_ce": 0.11507031321525574, "epoch_loss_sim": 7.769095420837402, "val_f1": 0.2857142984867096, "val_precision": 0.375, "val_recall": 0.23076923191547394, "test_f1": 0.4310610294342041, "test_precision": 0.30093812942504883, "test_recall": 0.7594327926635742, "_wandb": {"runtime": 16}}