{"epoch_loss": 0.444855734705925, "epoch": 99, "_timestamp": 1750682446.4437296, "_runtime": 226.03866362571716, "_step": 417, "val_f1": 0.5117647051811218, "val_precision": 0.6641221642494202, "val_recall": 0.41626793146133423, "test_f1": 0.20754095911979675, "test_precision": 0.1305684596300125, "test_recall": 0.5056033134460449, "_wandb": {"runtime": 224}}