{"epoch_loss": 0.6813936829566956, "epoch": 28, "_timestamp": 1750677463.1692088, "_runtime": 42.881027698516846, "_step": 124, "val_f1": 0.4034334719181061, "val_precision": 0.2540540397167206, "val_recall": 0.9791666865348816, "test_f1": 0.3057771325111389, "test_precision": 0.18048223853111267, "test_recall": 1.0, "_wandb": {"runtime": 43}}