{"epoch_loss": 0.45618927478790283, "epoch": 99, "_timestamp": 1750921737.9907024, "_runtime": 58.85160040855408, "_step": 414, "val_f1": 0.5316455364227295, "val_precision": 0.75, "val_recall": 0.4117647111415863, "test_f1": 0.5242125391960144, "test_precision": 0.49230483174324036, "test_recall": 0.5605430006980896, "_wandb": {"runtime": 57}}