{"epoch_loss": 0.038056936115026474, "epoch": 199, "_timestamp": 1750675448.3815932, "_runtime": 43.921059131622314, "_step": 814, "val_f1": 0.2666666805744171, "val_precision": 1.0, "val_recall": 0.1538461595773697, "test_f1": 0.31999728083610535, "test_precision": 0.1906493455171585, "test_recall": 0.9952015280723572, "_wandb": {"runtime": 42}}