{"epoch_loss": 0.3013341724872589, "epoch": 199, "_timestamp": 1750836708.399486, "_runtime": 47.27115797996521, "_step": 1026, "mean_alpha": 0.31313133239746094, "val_f1": 0.4000000059604645, "val_precision": 0.5714285969734192, "val_recall": 0.3076923191547394, "test_f1": 0.3045007288455963, "test_precision": 0.18477097153663635, "test_recall": 0.8650347590446472, "_wandb": {"runtime": 46}}