{"epoch_loss": -7.844333171844482, "epoch": 99, "_timestamp": 1750757570.3259664, "_runtime": 51.41550827026367, "_step": 626, "epoch_loss_ce": 0.005623569246381521, "epoch_loss_sim": 7.849956512451172, "val_f1": 0.4571428596973419, "val_precision": 0.4363636374473572, "val_recall": 0.47999998927116394, "test_f1": 0.4686465561389923, "test_precision": 0.3910282850265503, "test_recall": 0.5847102403640747, "_wandb": {"runtime": 50}}