{"epoch_loss": 0.46398675441741943, "epoch": 99, "_timestamp": 1750922545.36664, "_runtime": 81.61846709251404, "_step": 450, "val_f1": 0.6067415475845337, "val_precision": 0.7941176295280457, "val_recall": 0.4909090995788574, "test_f1": 0.4451940953731537, "test_precision": 0.5038176774978638, "test_recall": 0.39879125356674194, "_wandb": {"runtime": 80}}