{"test_f1": 0.3607988655567169, "epoch": 30, "_timestamp": 1750825325.4161105, "_runtime": 430.01170539855957, "_step": 191, "test_precision": 0.24875713884830475, "test_recall": 0.6564825177192688, "epoch_loss": -0.9869290803159986, "epoch_loss_ce": 0.0027614051193398026, "epoch_loss_sim": 0.9896904826164246, "val_f1": 0.6473919153213501, "val_precision": 0.6380728483200073, "val_recall": 0.6569873094558716, "_wandb": {"runtime": 429}}