{"epoch_loss": 0.4020313620567322, "epoch": 99, "_timestamp": 1750919354.3906696, "_runtime": 21.938584566116333, "_step": 405, "val_f1": 0.42105263471603394, "val_precision": 0.6666666865348816, "val_recall": 0.3076923191547394, "test_f1": 0.20970039069652557, "test_precision": 0.22178566455841064, "test_recall": 0.19886414706707, "_wandb": {"runtime": 21}}