{"epoch_loss": 0.49390096962451935, "epoch": 199, "_timestamp": 1750683532.842151, "_runtime": 385.2839548587799, "_step": 1047, "mean_alpha": 0.16843177378177643, "val_f1": 0.44590163230895996, "val_precision": 0.6071428656578064, "val_recall": 0.35233160853385925, "test_f1": 0.3687524199485779, "test_precision": 0.23689766228199005, "test_recall": 0.8316275477409363, "_wandb": {"runtime": 384}}