{"epoch_loss": 0.4476206302642822, "epoch": 99, "_timestamp": 1750921672.1682904, "_runtime": 55.41495633125305, "_step": 408, "val_f1": 0.5542168617248535, "val_precision": 0.8214285969734192, "val_recall": 0.41818180680274963, "test_f1": 0.16944202780723572, "test_precision": 0.1369922012090683, "test_recall": 0.22203662991523743, "_wandb": {"runtime": 54}}