{"epoch_loss": -0.9869427382946014, "epoch": 99, "_timestamp": 1750771995.0565283, "_runtime": 198.36604022979736, "_step": 623, "epoch_loss_ce": 0.0006955226708669215, "epoch_loss_sim": 0.9876382350921631, "val_f1": 0.49047616124153137, "val_precision": 0.5049019455909729, "val_recall": 0.47685185074806213, "test_f1": 0.4400416314601898, "test_precision": 0.34201088547706604, "test_recall": 0.616849422454834, "_wandb": {"runtime": 197}}