{"epoch_loss": 0.2607683539390564, "epoch": 99, "_timestamp": 1750676888.0790105, "_runtime": 44.35304856300354, "_step": 408, "val_f1": 0.5217391848564148, "val_precision": 0.6000000238418579, "val_recall": 0.4615384638309479, "test_f1": 0.32236555218696594, "test_precision": 0.19513317942619324, "test_recall": 0.9264129996299744, "_wandb": {"runtime": 42}}