{"epoch_loss": -76.05184827532086, "epoch": 99, "_timestamp": 1750767732.4474897, "_runtime": 710.3395836353302, "_step": 608, "epoch_loss_ce": 0.3106934300490788, "epoch_loss_sim": 76.36254010881696, "val_f1": 0.5365853309631348, "val_precision": 0.5226244330406189, "val_recall": 0.5513126254081726, "test_f1": 0.4049341380596161, "test_precision": 0.3118457794189453, "test_recall": 0.5772466659545898, "_wandb": {"runtime": 709}}