{"epoch_loss": 0.28012821078300476, "epoch": 99, "_timestamp": 1750679638.5705774, "_runtime": 211.1365213394165, "_step": 426, "val_f1": 0.5430107712745667, "val_precision": 0.6196318864822388, "val_recall": 0.4832535982131958, "test_f1": 0.23523367941379547, "test_precision": 0.17595311999320984, "test_recall": 0.3547544479370117, "_wandb": {"runtime": 202}}