{"epoch_loss": 0.5247226059436798, "epoch": 99, "_timestamp": 1750681759.346536, "_runtime": 264.6798589229584, "_step": 441, "val_f1": 0.44590163230895996, "val_precision": 0.6071428656578064, "val_recall": 0.35233160853385925, "test_f1": 0.3185582160949707, "test_precision": 0.18992140889167786, "test_recall": 0.9872141480445862, "_wandb": {"runtime": 263}}