{"epoch_loss": 0.5238761901855469, "epoch": 99, "_timestamp": 1750677684.8663642, "_runtime": 195.03744316101074, "_step": 477, "val_f1": 0.5, "val_precision": 0.6785714030265808, "val_recall": 0.3958333432674408, "test_f1": 0.3661375343799591, "test_precision": 0.22978439927101135, "test_recall": 0.9004768133163452, "_wandb": {"runtime": 194}}