{"epoch_loss": -0.9826132953166962, "epoch": 99, "_timestamp": 1750772196.214749, "_runtime": 190.70340514183044, "_step": 608, "epoch_loss_ce": 0.0015142098418436944, "epoch_loss_sim": 0.9841275215148926, "val_f1": 0.5112781524658203, "val_precision": 0.5284973978996277, "val_recall": 0.49514561891555786, "test_f1": 0.48250705003738403, "test_precision": 0.38062986731529236, "test_recall": 0.6588513851165771, "_wandb": {"runtime": 189}}