{"epoch_loss": 0.5132806301116943, "epoch": 199, "_timestamp": 1750670440.676797, "_runtime": 1415.4582448005676, "_step": 823, "val_f1": 0.47671666741371155, "val_precision": 0.6741071343421936, "val_recall": 0.3687423765659332, "test_f1": 0.13406217098236084, "test_precision": 0.11750983446836472, "test_recall": 0.1560421586036682, "_wandb": {"runtime": 1413}}