{"epoch_loss": 0.47074252367019653, "epoch": 99, "_timestamp": 1750682686.1637537, "_runtime": 233.473623752594, "_step": 420, "val_f1": 0.5168539881706238, "val_precision": 0.49145299196243286, "val_recall": 0.5450236797332764, "test_f1": 0.39380529522895813, "test_precision": 0.4013687074184418, "test_recall": 0.38652169704437256, "_wandb": {"runtime": 231}}