{"epoch_loss": 0.5042261034250259, "epoch": 199, "_timestamp": 1750664953.0223892, "_runtime": 363.2835991382599, "_step": 805, "val_f1": 0.5016077160835266, "val_precision": 0.6964285969734192, "val_recall": 0.3919597864151001, "test_f1": 0.36247527599334717, "test_precision": 0.44455721974372864, "test_recall": 0.3059799075126648, "_wandb": {"runtime": 361}}