{"epoch_loss": 0.4817714989185333, "epoch": 135, "_timestamp": 1750675227.2199264, "_runtime": 1024.4971282482147, "_step": 564, "val_f1": 0.2817966639995575, "val_precision": 0.23047177493572235, "val_recall": 0.3625304102897644, "test_f1": 0.3276492655277252, "test_precision": 0.19783608615398407, "test_recall": 0.9529261589050293, "_wandb": {"runtime": 1019}}