{"epoch_loss": 0.48884016275405884, "epoch": 199, "_timestamp": 1750685056.6328285, "_runtime": 380.05279636383057, "_step": 1038, "mean_alpha": 0.2183241993188858, "val_f1": 0.5325077176094055, "val_precision": 0.7678571343421936, "val_recall": 0.40758293867111206, "test_f1": 0.27656644582748413, "test_precision": 0.1761317402124405, "test_recall": 0.6435144543647766, "_wandb": {"runtime": 378}}