{"epoch_loss": -19.356977462768555, "epoch": 99, "_timestamp": 1750758209.5348978, "_runtime": 194.8960518836975, "_step": 608, "epoch_loss_ce": 0.07672042399644852, "epoch_loss_sim": 19.43369770050049, "val_f1": 0.4787472188472748, "val_precision": 0.434959352016449, "val_recall": 0.5323383212089539, "test_f1": 0.47428804636001587, "test_precision": 0.3733796179294586, "test_recall": 0.6499383449554443, "_wandb": {"runtime": 194}}