{"epoch_loss": 0.3319557309150696, "epoch": 199, "_timestamp": 1750695894.0580847, "_runtime": 44.77823781967163, "_step": 1032, "mean_alpha": 0.31407010555267334, "val_f1": 0.13333334028720856, "val_precision": 1.0, "val_recall": 0.0714285746216774, "test_f1": 0.31171464920043945, "test_precision": 0.18469300866127014, "test_recall": 0.9982689023017883, "_wandb": {"runtime": 44}}