{"epoch_loss": 0.37023645639419556, "epoch": 99, "_timestamp": 1750919588.4184592, "_runtime": 24.449478149414062, "_step": 408, "val_f1": 0.5999999642372131, "val_precision": 0.8571428656578064, "val_recall": 0.4615384638309479, "test_f1": 0.4395667612552643, "test_precision": 0.30457910895347595, "test_recall": 0.78944331407547, "_wandb": {"runtime": 23}}