{"epoch_loss": 0.46614310145378113, "epoch": 99, "_timestamp": 1750922709.2561257, "_runtime": 63.648839712142944, "_step": 420, "val_f1": 0.5098039507865906, "val_precision": 0.5909090638160706, "val_recall": 0.4482758641242981, "test_f1": 0.4451940953731537, "test_precision": 0.5038176774978638, "test_recall": 0.39879125356674194, "_wandb": {"runtime": 62}}