{"epoch_loss": 0.4280659854412079, "epoch": 99, "_timestamp": 1750919325.2105372, "_runtime": 22.76267409324646, "_step": 405, "val_f1": 0.222222238779068, "val_precision": 0.6666666865348816, "val_recall": 0.13333334028720856, "test_f1": 0.284142404794693, "test_precision": 0.27149733901023865, "test_recall": 0.29802289605140686, "_wandb": {"runtime": 22}}