{"epoch_loss": 0.407410204410553, "epoch": 199, "_timestamp": 1750694748.9331877, "_runtime": 161.88391280174255, "_step": 1032, "mean_alpha": 0.3339596390724182, "val_f1": 0.42060086131095886, "val_precision": 0.2677595615386963, "val_recall": 0.9800000190734863, "test_f1": 0.2796211540699005, "test_precision": 0.23158042132854462, "test_recall": 0.3528107702732086, "_wandb": {"runtime": 160}}