{"epoch_loss": 0.45743314921855927, "epoch": 199, "_timestamp": 1750666891.476878, "_runtime": 443.13588404655457, "_step": 835, "val_f1": 0.28045976161956787, "val_precision": 0.1818181872367859, "val_recall": 0.6130653023719788, "test_f1": 0.31939026713371277, "test_precision": 0.3505098521709442, "test_recall": 0.2933458983898163, "_wandb": {"runtime": 437}}