{"epoch_loss": -10.366040229797363, "epoch": 199, "_timestamp": 1750754104.622139, "_runtime": 26.502633094787598, "_step": 1202, "epoch_loss_ce": 0.010592620819807053, "epoch_loss_sim": -10.376632690429688, "val_f1": 0.5454545617103577, "val_precision": 0.8571428656578064, "val_recall": 0.4000000059604645, "test_f1": 0.46343493461608887, "test_precision": 0.5992568135261536, "test_recall": 0.3778051733970642, "_wandb": {"runtime": 25}}