{"epoch_loss": -0.9809133495603289, "epoch": 21, "_timestamp": 1750823182.4288642, "_runtime": 325.4407341480255, "_step": 143, "epoch_loss_ce": 0.00423281140891569, "epoch_loss_sim": 0.9851461563791547, "val_f1": 0.6711844205856323, "val_precision": 0.6572417616844177, "val_recall": 0.6857314705848694, "test_f1": 0.3767032325267792, "test_precision": 0.2567586898803711, "test_recall": 0.7069578170776367, "_wandb": {"runtime": 331}}