{"epoch_loss": -796.6458129882812, "epoch": 199, "_timestamp": 1750753362.2695687, "_runtime": 37.759339570999146, "_step": 1202, "epoch_loss_ce": 0.9417248964309692, "epoch_loss_sim": -797.5875244140625, "val_f1": 0.0, "val_precision": 0.0, "val_recall": 0.0, "test_f1": 0.4897487163543701, "test_precision": 0.4667932689189911, "test_recall": 0.5150787830352783, "_wandb": {"runtime": 36}}