{"epoch_loss": 0.269246906042099, "epoch": 199, "_timestamp": 1750694417.4753168, "_runtime": 141.07964968681335, "_step": 1020, "mean_alpha": 0.326168954372406, "val_f1": 0.5301204919815063, "val_precision": 0.8148148059844971, "val_recall": 0.3928571343421936, "test_f1": 0.23410601913928986, "test_precision": 0.18319575488567352, "test_recall": 0.3242020308971405, "_wandb": {"runtime": 139}}