{"epoch_loss": -12.473097801208496, "epoch": 199, "_timestamp": 1750752062.7975702, "_runtime": 40.56702733039856, "_step": 811, "val_f1": 0.3181818127632141, "val_precision": 0.21875, "val_recall": 0.5833333134651184, "test_f1": 0.2951306402683258, "test_precision": 0.1896747499704361, "test_recall": 0.6646825075149536, "_wandb": {"runtime": 38}}