{"epoch_loss": 0.6741716861724854, "epoch": 199, "_timestamp": 1750848214.763135, "_runtime": 40.49607801437378, "_step": 1020, "mean_alpha": 0.049963075667619705, "val_f1": 0.4000000059604645, "val_precision": 0.5714285969734192, "val_recall": 0.3076923191547394, "test_f1": 0.28519687056541443, "test_precision": 0.18116039037704468, "test_recall": 0.6699137091636658, "_wandb": {"runtime": 39}}