{"epoch_loss": 0.32504913210868835, "epoch": 199, "_timestamp": 1750693534.7782805, "_runtime": 120.28351259231567, "_step": 1041, "mean_alpha": 0.329384446144104, "val_f1": 0.5238094329833984, "val_precision": 0.7857142686843872, "val_recall": 0.3928571343421936, "test_f1": 0.276619553565979, "test_precision": 0.2052408754825592, "test_recall": 0.4241200089454651, "_wandb": {"runtime": 118}}