{"epoch_loss": -19.8088960647583, "epoch": 99, "_timestamp": 1750758004.5515974, "_runtime": 184.4129912853241, "_step": 614, "epoch_loss_ce": 0.36431506276130676, "epoch_loss_sim": 20.173211097717285, "val_f1": 0.40721651911735535, "val_precision": 0.4647058844566345, "val_recall": 0.3623853325843811, "test_f1": 0.45645803213119507, "test_precision": 0.39652663469314575, "test_recall": 0.5377311706542969, "_wandb": {"runtime": 183}}