{"epoch_loss": -0.8628702461719513, "epoch": 29, "_timestamp": 1750770792.8557513, "_runtime": 71.81998634338379, "_step": 200, "epoch_loss_ce": 0.004103627521544695, "epoch_loss_sim": 0.8669738471508026, "val_f1": 0.54358971118927, "val_precision": 0.6162790656089783, "val_recall": 0.4862385392189026, "test_f1": 0.4503767788410187, "test_precision": 0.3373991847038269, "test_recall": 0.6771038770675659, "_wandb": {"runtime": 71}}