{"epoch_loss": 0.006784326396882534, "epoch": 199, "_timestamp": 1750851033.2185705, "_runtime": 27.094484567642212, "_step": 1008, "mean_alpha": 0.21223655343055725, "val_f1": 0.11764706671237946, "val_precision": 0.25, "val_recall": 0.07692307978868484, "test_f1": 0.2689274847507477, "test_precision": 0.1770215481519699, "test_recall": 0.5593094825744629, "_wandb": {"runtime": 26}}