{"epoch_loss": -19.215962409973145, "epoch": 99, "_timestamp": 1750758401.1472564, "_runtime": 182.0655074119568, "_step": 620, "epoch_loss_ce": 0.042249858379364014, "epoch_loss_sim": 19.258212089538574, "val_f1": 0.4644351601600647, "val_precision": 0.4095940887928009, "val_recall": 0.5362318754196167, "test_f1": 0.4645828604698181, "test_precision": 0.4269477128982544, "test_recall": 0.509494423866272, "_wandb": {"runtime": 181}}