{"epoch_loss": 0.5994903445243835, "epoch": 299, "_timestamp": 1750926052.671241, "_runtime": 145.80476808547974, "_step": 1508, "mean_alpha": -0.03520018607378006, "val_f1": 0.37113404273986816, "val_precision": 0.4285714328289032, "val_recall": 0.3272727131843567, "test_f1": 0.3071273863315582, "test_precision": 0.18212266266345978, "test_recall": 0.9792875051498413, "_wandb": {"runtime": 145}}