{"epoch_loss": 0.46398675441741943, "epoch": 99, "_timestamp": 1750923252.039891, "_runtime": 57.34723997116089, "_step": 408, "val_f1": 0.5542168617248535, "val_precision": 0.8214285969734192, "val_recall": 0.41818180680274963, "test_f1": 0.4451940953731537, "test_precision": 0.5038176774978638, "test_recall": 0.39879125356674194, "_wandb": {"runtime": 56}}