{"epoch_loss": 0.6215364933013916, "epoch": 299, "_timestamp": 1750924014.7129707, "_runtime": 150.2955358028412, "_step": 1523, "mean_alpha": 0.0, "val_f1": 0.465753436088562, "val_precision": 0.6071428656578064, "val_recall": 0.3777777850627899, "test_f1": 0.41607367992401123, "test_precision": 0.3201669752597809, "test_recall": 0.5940110087394714, "_wandb": {"runtime": 149}}