{"epoch_loss": 0.38995400071144104, "epoch": 99, "_timestamp": 1750676318.2710464, "_runtime": 42.96867251396179, "_step": 435, "val_f1": 0.4444444477558136, "val_precision": 0.800000011920929, "val_recall": 0.3076923191547394, "test_f1": 0.48886120319366455, "test_precision": 0.3783891797065735, "test_recall": 0.6904364228248596, "_wandb": {"runtime": 41}}