{"epoch_loss": 0.36625446379184723, "epoch": 199, "_timestamp": 1750684283.2292664, "_runtime": 371.68348145484924, "_step": 1026, "mean_alpha": 0.216960608959198, "val_f1": 0.4779874086380005, "val_precision": 0.7102803587913513, "val_recall": 0.3601895868778229, "test_f1": 0.4010245203971863, "test_precision": 0.43645915389060974, "test_recall": 0.3709114193916321, "_wandb": {"runtime": 369}}