{"epoch_loss": 0.18766523897647858, "epoch": 99, "_timestamp": 1750948610.833227, "_runtime": 216.878732919693, "_step": 462, "val_f1": 0.593837559223175, "val_precision": 0.7412587404251099, "val_recall": 0.4953271150588989, "test_f1": 0.4451940953731537, "test_precision": 0.5038176774978638, "test_recall": 0.39879125356674194, "_wandb": {"runtime": 216}}