{"test_f1": 0.34521400928497314, "epoch": 30, "_timestamp": 1750824884.4535093, "_runtime": 428.0647282600403, "_step": 188, "test_precision": 0.25629886984825134, "test_recall": 0.5285935401916504, "epoch_loss": -0.9871076132569995, "epoch_loss_ce": 0.0029688596010341178, "epoch_loss_sim": 0.9900764737810407, "val_f1": 0.6553808450698853, "val_precision": 0.6577669978141785, "val_recall": 0.6530120372772217, "_wandb": {"runtime": 427}}