{"epoch_loss": -8.022045135498047, "epoch": 158, "_timestamp": 1750756305.2795599, "_runtime": 33.67908573150635, "_step": 968, "epoch_loss_ce": 0.002411049325019121, "epoch_loss_sim": 8.024456024169922, "val_f1": 0.47999995946884155, "val_precision": 0.3243243098258972, "val_recall": 0.9230769276618958, "test_f1": 0.4850161075592041, "test_precision": 0.38733431696891785, "test_recall": 0.6485819816589355, "_wandb": {"runtime": 22}}