{"epoch_loss": 0.28356629610061646, "epoch": 99, "_timestamp": 1750678589.1256626, "_runtime": 63.60330367088318, "_step": 411, "val_f1": 0.4615384340286255, "val_precision": 0.6428571343421936, "val_recall": 0.36000001430511475, "test_f1": 0.32532963156700134, "test_precision": 0.2114086002111435, "test_recall": 0.705500066280365, "_wandb": {"runtime": 61}}