{"epoch_loss": 0.4983467608690262, "epoch": 199, "_timestamp": 1750664544.5378218, "_runtime": 387.14275074005127, "_step": 817, "val_f1": 0.44590163230895996, "val_precision": 0.6071428656578064, "val_recall": 0.35233160853385925, "test_f1": 0.3057743310928345, "test_precision": 0.18048027157783508, "test_recall": 1.0, "_wandb": {"runtime": 386}}