{"epoch_loss": -3.9815540313720703, "epoch": 99, "_timestamp": 1750756519.103213, "_runtime": 17.909749031066895, "_step": 614, "epoch_loss_ce": 0.003067478770390153, "epoch_loss_sim": 3.984621524810791, "val_f1": 0.3720930218696594, "val_precision": 0.25806450843811035, "val_recall": 0.6666666865348816, "test_f1": 0.39084887504577637, "test_precision": 0.24513094127178192, "test_recall": 0.9637484550476074, "_wandb": {"runtime": 16}}