{"epoch_loss": 0.45980626344680786, "epoch": 99, "_timestamp": 1750922797.9375436, "_runtime": 78.51304864883423, "_step": 447, "val_f1": 0.5882353186607361, "val_precision": 0.7317073345184326, "val_recall": 0.49180328845977783, "test_f1": 0.4451940953731537, "test_precision": 0.5038176774978638, "test_recall": 0.39879125356674194, "_wandb": {"runtime": 77}}