{"epoch_loss": 0.48526591062545776, "epoch": 199, "_timestamp": 1750693407.9902866, "_runtime": 138.06576657295227, "_step": 1080, "mean_alpha": 0.3073995113372803, "val_f1": 0.47368425130844116, "val_precision": 0.6428571343421936, "val_recall": 0.375, "test_f1": 0.3989221751689911, "test_precision": 0.26422128081321716, "test_recall": 0.8138002157211304, "_wandb": {"runtime": 137}}