{"epoch_loss": 0.6158045828342438, "epoch": 299, "_timestamp": 1750932541.490414, "_runtime": 557.1390519142151, "_step": 1562, "mean_alpha": -0.016098976135253906, "val_f1": 0.3955431878566742, "val_precision": 0.4930555522441864, "val_recall": 0.33023256063461304, "test_f1": 0.4463115632534027, "test_precision": 0.46492499113082886, "test_recall": 0.4291311204433441, "_wandb": {"runtime": 556}}