{"epoch_loss": 0.2777263820171356, "epoch": 99, "_timestamp": 1750677930.749115, "_runtime": 83.22228503227234, "_step": 411, "val_f1": 0.5, "val_precision": 0.4821428656578064, "val_recall": 0.5192307829856873, "test_f1": 0.3078683912754059, "test_precision": 0.1859312653541565, "test_recall": 0.8944938778877258, "_wandb": {"runtime": 80}}