{"epoch_loss": -1567.8662109375, "epoch": 199, "_timestamp": 1750753459.0811203, "_runtime": 33.697025299072266, "_step": 1202, "epoch_loss_ce": 3.1106033325195312, "epoch_loss_sim": -1570.976806640625, "val_f1": 0.0, "val_precision": 0.0, "val_recall": 0.0, "test_f1": 0.4020116329193115, "test_precision": 0.5573382377624512, "test_recall": 0.31439244747161865, "_wandb": {"runtime": 32}}