{"epoch_loss": 0.39166685938835144, "epoch": 99, "_timestamp": 1750919123.922688, "_runtime": 23.774248123168945, "_step": 408, "val_f1": 0.5, "val_precision": 0.6666666865348816, "val_recall": 0.4000000059604645, "test_f1": 0.42834043502807617, "test_precision": 0.42243289947509766, "test_recall": 0.4344155192375183, "_wandb": {"runtime": 22}}