{"epoch_loss": -9.608545303344727, "epoch": 199, "_timestamp": 1750755970.5728662, "_runtime": 31.432950258255005, "_step": 1217, "epoch_loss_ce": 0.0028593807946890593, "epoch_loss_sim": 9.611404418945312, "val_f1": 0.47999995946884155, "val_precision": 0.3243243098258972, "val_recall": 0.9230769276618958, "test_f1": 0.6091160774230957, "test_precision": 0.5836817622184753, "test_recall": 0.6368680596351624, "_wandb": {"runtime": 27}}