{"epoch_loss": 0.5736911296844482, "epoch": 299, "_timestamp": 1750917336.4290023, "_runtime": 59.07993030548096, "_step": 1532, "mean_alpha": 0.02786867320537567, "val_f1": 0.5, "val_precision": 0.3913043439388275, "val_recall": 0.692307710647583, "test_f1": 0.29673776030540466, "test_precision": 0.2001994550228119, "test_recall": 0.5730859041213989, "_wandb": {"runtime": 58}}