{"epoch_loss": 0.605431854724884, "epoch": 299, "_timestamp": 1750926214.6438506, "_runtime": 152.0729615688324, "_step": 1526, "mean_alpha": -0.026855234056711197, "val_f1": 0.4375, "val_precision": 0.46666666865348816, "val_recall": 0.4117647111415863, "test_f1": 0.40573015809059143, "test_precision": 0.32938724756240845, "test_recall": 0.5281379818916321, "_wandb": {"runtime": 151}}