{"epoch_loss": 0.812332272529602, "epoch": 299, "_timestamp": 1750924641.073657, "_runtime": 158.99845695495605, "_step": 1544, "mean_alpha": 0.19411736726760864, "val_f1": 0.44736841320991516, "val_precision": 0.3366336524486542, "val_recall": 0.6666666865348816, "test_f1": 0.2913815677165985, "test_precision": 0.194266676902771, "test_recall": 0.5826525092124939, "_wandb": {"runtime": 158}}