{"epoch_loss": -0.8675267696380615, "epoch": 29, "_timestamp": 1750770960.3978415, "_runtime": 75.83074045181274, "_step": 203, "epoch_loss_ce": 0.0037732701748609543, "epoch_loss_sim": 0.8713000416755676, "val_f1": 0.5319693088531494, "val_precision": 0.5652173757553101, "val_recall": 0.5024154782295227, "test_f1": 0.438062459230423, "test_precision": 0.368000328540802, "test_recall": 0.5410757064819336, "_wandb": {"runtime": 75}}