{"epoch_loss": 0.4083143472671509, "epoch": 199, "_timestamp": 1750692204.2306986, "_runtime": 1077.2325286865234, "_step": 1014, "mean_alpha": 0.20968203246593475, "val_f1": 0.5077399611473083, "val_precision": 0.7321428656578064, "val_recall": 0.3886255919933319, "test_f1": 0.3044309616088867, "test_precision": 0.18644484877586365, "test_recall": 0.8291068077087402, "_wandb": {"runtime": 1075}}