{"epoch_loss": -6.494450569152832, "epoch": 199, "_timestamp": 1750754727.985107, "_runtime": 28.06662392616272, "_step": 1211, "epoch_loss_ce": 0.008407757617533207, "epoch_loss_sim": -6.5028581619262695, "val_f1": 0.0, "val_precision": 0.0, "val_recall": 0.0, "test_f1": 0.5389449000358582, "test_precision": 0.5743582844734192, "test_recall": 0.5076448917388916, "_wandb": {"runtime": 27}}