{"epoch_loss": -1212.116943359375, "epoch": 199, "_timestamp": 1750752802.202932, "_runtime": 40.97968077659607, "_step": 814, "val_f1": 0.5999999642372131, "val_precision": 0.8571428656578064, "val_recall": 0.4615384638309479, "test_f1": 0.44474175572395325, "test_precision": 0.5026605129241943, "test_recall": 0.39879125356674194, "_wandb": {"runtime": 39}}