{"epoch_loss": 0.48550018668174744, "epoch": 199, "_timestamp": 1750666440.712448, "_runtime": 440.34862995147705, "_step": 838, "val_f1": 0.44590163230895996, "val_precision": 0.6071428656578064, "val_recall": 0.35233160853385925, "test_f1": 0.30674898624420166, "test_precision": 0.18116874992847443, "test_recall": 0.9997266530990601, "_wandb": {"runtime": 439}}