{"epoch_loss": 0.5158162713050842, "epoch": 99, "_timestamp": 1750680420.9767187, "_runtime": 211.86024260520935, "_step": 447, "val_f1": 0.44590163230895996, "val_precision": 0.6071428656578064, "val_recall": 0.35233160853385925, "test_f1": 0.3687524199485779, "test_precision": 0.23689766228199005, "test_recall": 0.8316275477409363, "_wandb": {"runtime": 211}}