{"epoch_loss": 0.618118166923523, "epoch": 299, "_timestamp": 1750929881.8492472, "_runtime": 569.7446131706238, "_step": 1592, "mean_alpha": 0.005653039552271366, "val_f1": 0.4738291800022125, "val_precision": 0.5810810923576355, "val_recall": 0.4000000059604645, "test_f1": 0.442907452583313, "test_precision": 0.461315780878067, "test_recall": 0.42591187357902527, "_wandb": {"runtime": 568}}