{"epoch_loss": 0.577751636505127, "epoch": 299, "_timestamp": 1750917083.0077112, "_runtime": 54.6974880695343, "_step": 1526, "mean_alpha": 0.035109151154756546, "val_f1": 0.5, "val_precision": 0.3913043439388275, "val_recall": 0.692307710647583, "test_f1": 0.34817197918891907, "test_precision": 0.24075883626937866, "test_recall": 0.6286330223083496, "_wandb": {"runtime": 53}}