{"epoch_loss": -1.7080875635147095, "epoch": 50, "_timestamp": 1750755401.3230317, "_runtime": 18.4858455657959, "_step": 308, "epoch_loss_ce": 0.012790565378963947, "epoch_loss_sim": -1.7208781242370605, "val_f1": 0.0, "val_precision": 0.0, "val_recall": 0.0, "test_f1": 0.14561353623867035, "test_precision": 0.1665608137845993, "test_recall": 0.12934648990631104, "_wandb": {"runtime": 16}}