{"epoch_loss": 0.44652676582336426, "epoch": 99, "_timestamp": 1750926471.6857884, "_runtime": 20.265446424484253, "_step": 402, "val_f1": 0.1428571343421936, "val_precision": 1.0, "val_recall": 0.07692307978868484, "test_f1": 0.5488091707229614, "test_precision": 0.4974328577518463, "test_recall": 0.6120205521583557, "_wandb": {"runtime": 19}}