{"epoch_loss": -0.9837884306907654, "epoch": 99, "_timestamp": 1750771580.0775802, "_runtime": 188.00490522384644, "_step": 608, "epoch_loss_ce": 0.0012421381252352148, "epoch_loss_sim": 0.9850305914878845, "val_f1": 0.5, "val_precision": 0.47136563062667847, "val_recall": 0.5323383212089539, "test_f1": 0.4554372727870941, "test_precision": 0.34732258319854736, "test_recall": 0.6612809896469116, "_wandb": {"runtime": 187}}