{"epoch_loss": -0.6947214603424072, "epoch": 29, "_timestamp": 1750783334.7398748, "_runtime": 32.09775495529175, "_step": 200, "epoch_loss_ce": 0.0019169315928593278, "epoch_loss_sim": 0.6966384053230286, "val_f1": 0.5652174353599548, "val_precision": 0.6341463327407837, "val_recall": 0.5098039507865906, "test_f1": 0.5541602969169617, "test_precision": 0.45906805992126465, "test_recall": 0.698940098285675, "_wandb": {"runtime": 31}}