{"epoch_loss": 0.6282715201377869, "epoch": 29, "_timestamp": 1750676201.0790248, "_runtime": 38.28573489189148, "_step": 131, "val_f1": 0.48275864124298096, "val_precision": 0.3181818127632141, "val_recall": 1.0, "test_f1": 0.30633893609046936, "test_precision": 0.1808757781982422, "test_recall": 0.9999392628669739, "_wandb": {"runtime": 41}}