{"epoch_loss": 0.6874786019325256, "epoch": 45, "_timestamp": 1750848156.6244628, "_runtime": 13.246570825576782, "_step": 235, "mean_alpha": 0.4543995261192322, "val_f1": 0.4285714030265808, "val_precision": 0.27906978130340576, "val_recall": 0.9230769276618958, "test_f1": 0.3188987374305725, "test_precision": 0.19044195115566254, "test_recall": 0.9797780513763428, "_wandb": {"runtime": 13}}