{"epoch_loss": 0.3738323152065277, "epoch": 99, "_timestamp": 1750919451.0683131, "_runtime": 22.883862018585205, "_step": 405, "val_f1": 0.3529411852359772, "val_precision": 0.5, "val_recall": 0.27272728085517883, "test_f1": 0.41337987780570984, "test_precision": 0.31940969824790955, "test_recall": 0.5856895446777344, "_wandb": {"runtime": 22}}