{"epoch_loss": 0.6875811815261841, "epoch": 107, "_timestamp": 1750848471.6099937, "_runtime": 28.4127357006073, "_step": 557, "mean_alpha": 0.10285115987062454, "val_f1": 0.4000000059604645, "val_precision": 0.5714285969734192, "val_recall": 0.3076923191547394, "test_f1": 0.28519687056541443, "test_precision": 0.18116039037704468, "test_recall": 0.6699137091636658, "_wandb": {"runtime": 27}}