{"epoch_loss": 0.059042710810899734, "epoch": 46, "_timestamp": 1750947063.8484564, "_runtime": 45.71986746788025, "_step": 264, "mean_alpha": 0.23385173082351685, "val_f1": 0.4000000059604645, "val_precision": 0.42500001192092896, "val_recall": 0.3777777850627899, "test_f1": 0.2923815846443176, "test_precision": 0.1903342604637146, "test_recall": 0.6303337812423706, "_wandb": {"runtime": 46}}