{"epoch_loss": 0.41030049324035645, "epoch": 99, "_timestamp": 1750919862.702484, "_runtime": 24.086840867996216, "_step": 408, "val_f1": 0.5714285373687744, "val_precision": 0.6666666865348816, "val_recall": 0.5, "test_f1": 0.4266391098499298, "test_precision": 0.41476425528526306, "test_recall": 0.4392140209674835, "_wandb": {"runtime": 23}}