{"epoch_loss": -0.6845044493675232, "epoch": 29, "_timestamp": 1750783293.6776516, "_runtime": 35.38493371009827, "_step": 206, "epoch_loss_ce": 0.0018639561021700501, "epoch_loss_sim": 0.6863684058189392, "val_f1": 0.48543688654899597, "val_precision": 0.4716981053352356, "val_recall": 0.5, "test_f1": 0.42874690890312195, "test_precision": 0.3486606776714325, "test_recall": 0.5565949082374573, "_wandb": {"runtime": 34}}