{"epoch_loss": 0.008263223804533482, "epoch": 299, "_timestamp": 1750938489.432721, "_runtime": 555.1148328781128, "_step": 1556, "mean_alpha": 0.23583665490150452, "val_f1": 0.5449275374412537, "val_precision": 0.6911764740943909, "val_recall": 0.449760764837265, "test_f1": 0.28699639439582825, "test_precision": 0.19058962166309357, "test_recall": 0.5807695984840393, "_wandb": {"runtime": 554}}