{"epoch_loss": -75.41007123674665, "epoch": 99, "_timestamp": 1750767012.6945832, "_runtime": 708.9527742862701, "_step": 608, "epoch_loss_ce": 0.020506106882489154, "epoch_loss_sim": 75.43057795933315, "val_f1": 0.571607232093811, "val_precision": 0.5997375249862671, "val_recall": 0.5459976196289062, "test_f1": 0.36997631192207336, "test_precision": 0.2743096947669983, "test_recall": 0.5681052207946777, "_wandb": {"runtime": 708}}