{"epoch_loss": -7.915177822113037, "epoch": 99, "_timestamp": 1750756668.316736, "_runtime": 23.878671884536743, "_step": 623, "epoch_loss_ce": 0.005822586826980114, "epoch_loss_sim": 7.9210004806518555, "val_f1": 0.514285683631897, "val_precision": 0.40909090638160706, "val_recall": 0.692307710647583, "test_f1": 0.4483630061149597, "test_precision": 0.29771485924720764, "test_recall": 0.9076448678970337, "_wandb": {"runtime": 22}}