{"epoch_loss": -16.664812088012695, "epoch": 99, "_timestamp": 1750757133.9707475, "_runtime": 18.031233549118042, "_step": 617, "epoch_loss_ce": 0.010242116637527943, "epoch_loss_sim": 16.6750545501709, "val_f1": 0.5294117331504822, "val_precision": 0.4285714328289032, "val_recall": 0.692307710647583, "test_f1": 0.45378315448760986, "test_precision": 0.30602502822875977, "test_recall": 0.8774352669715881, "_wandb": {"runtime": 17}}