{"epoch_loss": -1.4538837671279907, "epoch": 29, "_timestamp": 1750770403.972724, "_runtime": 31.30614399909973, "_step": 197, "epoch_loss_ce": 0.0073372065089643, "epoch_loss_sim": 1.4612209796905518, "val_f1": 0.5208333134651184, "val_precision": 0.6097561120986938, "val_recall": 0.4545454680919647, "test_f1": 0.6583830714225769, "test_precision": 0.556745171546936, "test_recall": 0.805418074131012, "_wandb": {"runtime": 30}}