{"epoch_loss": -7.743594646453857, "epoch": 99, "_timestamp": 1750756766.7198918, "_runtime": 16.49651288986206, "_step": 611, "epoch_loss_ce": 0.0034748695325106382, "epoch_loss_sim": 7.747069358825684, "val_f1": 0.2666666507720947, "val_precision": 0.2222222238779068, "val_recall": 0.3333333432674408, "test_f1": 0.4935453236103058, "test_precision": 0.4349379539489746, "test_recall": 0.5704069137573242, "_wandb": {"runtime": 15}}