{"epoch_loss": 0.4241297245025635, "epoch": 199, "_timestamp": 1750683905.3615572, "_runtime": 366.24111819267273, "_step": 1014, "mean_alpha": 0.21535952389240265, "val_f1": 0.5032258033752441, "val_precision": 0.7027027010917664, "val_recall": 0.3919597864151001, "test_f1": 0.2815609276294708, "test_precision": 0.3082592785358429, "test_recall": 0.2591186463832855, "_wandb": {"runtime": 364}}