{"epoch_loss": -6.672691345214844, "epoch": 99, "_timestamp": 1750756610.7005577, "_runtime": 17.225777626037598, "_step": 611, "epoch_loss_ce": 0.000716117094270885, "epoch_loss_sim": 6.673407554626465, "val_f1": 0.4444444477558136, "val_precision": 0.4285714328289032, "val_recall": 0.4615384638309479, "test_f1": 0.4426119029521942, "test_precision": 0.5645439028739929, "test_recall": 0.3639950752258301, "_wandb": {"runtime": 16}}