{"epoch_loss": 0.4997814893722534, "epoch": 99, "_timestamp": 1750682199.3436267, "_runtime": 208.49964570999146, "_step": 408, "val_f1": 0.5077399611473083, "val_precision": 0.7321428656578064, "val_recall": 0.3886255919933319, "test_f1": 0.38029003143310547, "test_precision": 0.29164302349090576, "test_recall": 0.5463601350784302, "_wandb": {"runtime": 206}}