{"epoch_loss": -1.5782333612442017, "epoch": 29, "_timestamp": 1750770450.6713068, "_runtime": 37.78015375137329, "_step": 206, "epoch_loss_ce": 0.008689439855515957, "epoch_loss_sim": 1.5869227647781372, "val_f1": 0.5048543214797974, "val_precision": 0.49056604504585266, "val_recall": 0.5199999809265137, "test_f1": 0.46402373909950256, "test_precision": 0.38086238503456116, "test_recall": 0.5936465263366699, "_wandb": {"runtime": 36}}