{"epoch_loss": 0.4776020497083664, "epoch": 99, "_timestamp": 1750927729.5224483, "_runtime": 181.256676197052, "_step": 405, "val_f1": 0.4709480106830597, "val_precision": 0.6875, "val_recall": 0.3581395447254181, "test_f1": 0.4451940953731537, "test_precision": 0.5038176774978638, "test_recall": 0.39879125356674194, "_wandb": {"runtime": 180}}