{"epoch_loss": -8.639866828918457, "epoch": 99, "_timestamp": 1750757745.240682, "_runtime": 51.13487195968628, "_step": 635, "epoch_loss_ce": 0.0031988376285880804, "epoch_loss_sim": 8.643065452575684, "val_f1": 0.45045045018196106, "val_precision": 0.43103447556495667, "val_recall": 0.4716981053352356, "test_f1": 0.6533429026603699, "test_precision": 0.5579710006713867, "test_recall": 0.7880394458770752, "_wandb": {"runtime": 50}}