{"epoch_loss": -0.8665836155414581, "epoch": 29, "_timestamp": 1750771132.5044446, "_runtime": 66.85473370552063, "_step": 188, "epoch_loss_ce": 0.0029766957741230726, "epoch_loss_sim": 0.8695603311061859, "val_f1": 0.5792349576950073, "val_precision": 0.6625000238418579, "val_recall": 0.5145630836486816, "test_f1": 0.48250705003738403, "test_precision": 0.38062986731529236, "test_recall": 0.6588513851165771, "_wandb": {"runtime": 66}}