{"epoch_loss": -0.49757049339158194, "epoch": 2, "_timestamp": 1750766082.039447, "_runtime": 36.02020215988159, "_step": 20, "epoch_loss_ce": 0.13153640500136785, "epoch_loss_sim": 0.6291068962642125, "val_f1": 0.6197718381881714, "val_precision": 0.659919023513794, "val_recall": 0.5842294096946716, "test_f1": 0.39974552392959595, "test_precision": 0.3165395259857178, "test_recall": 0.5422934889793396, "_wandb": {"runtime": 31}}