{"epoch_loss": 0.47285954654216766, "epoch": 99, "_timestamp": 1750928492.7016, "_runtime": 182.4713761806488, "_step": 405, "val_f1": 0.5249999761581421, "val_precision": 0.75, "val_recall": 0.4038461446762085, "test_f1": 0.4451940953731537, "test_precision": 0.5038176774978638, "test_recall": 0.39879125356674194, "_wandb": {"runtime": 181}}