{"epoch_loss": 0.18535926192998886, "epoch": 99, "_timestamp": 1750948831.1810536, "_runtime": 212.5830717086792, "_step": 450, "val_f1": 0.569767415523529, "val_precision": 0.7424242496490479, "val_recall": 0.46226415038108826, "test_f1": 0.4451940953731537, "test_precision": 0.5038176774978638, "test_recall": 0.39879125356674194, "_wandb": {"runtime": 211}}