{"epoch_loss": 0.4826241135597229, "epoch": 99, "_timestamp": 1750923185.392165, "_runtime": 58.07356786727905, "_step": 411, "val_f1": 0.465753436088562, "val_precision": 0.6071428656578064, "val_recall": 0.3777777850627899, "test_f1": 0.4451940953731537, "test_precision": 0.5038176774978638, "test_recall": 0.39879125356674194, "_wandb": {"runtime": 57}}