{"test_f1": 0.37709203362464905, "epoch": 30, "_timestamp": 1750832576.5468578, "_runtime": 861.363639831543, "_step": 212, "test_precision": 0.25076669454574585, "test_recall": 0.7598931193351746, "epoch_loss": -0.9909982510975429, "epoch_loss_ce": 0.003206172163897593, "epoch_loss_sim": 0.9942044253860202, "val_f1": 0.71845543384552, "val_precision": 0.7290959358215332, "val_recall": 0.7081210613250732, "_wandb": {"runtime": 860}}