{"epoch_loss": 0.4623476266860962, "epoch": 99, "_timestamp": 1750927919.1202452, "_runtime": 179.8907163143158, "_step": 405, "val_f1": 0.49221184849739075, "val_precision": 0.7053571343421936, "val_recall": 0.3779904246330261, "test_f1": 0.4451940953731537, "test_precision": 0.5038176774978638, "test_recall": 0.39879125356674194, "_wandb": {"runtime": 179}}