{"epoch_loss": -7.991637229919434, "epoch": 99, "_timestamp": 1750756636.0379794, "_runtime": 16.986323356628418, "_step": 614, "epoch_loss_ce": 0.003312241518869996, "epoch_loss_sim": 7.9949493408203125, "val_f1": 0.5714285373687744, "val_precision": 0.5, "val_recall": 0.6666666865348816, "test_f1": 0.6105031371116638, "test_precision": 0.47539520263671875, "test_recall": 0.8528976440429688, "_wandb": {"runtime": 16}}