{"epoch_loss": 0.5103058516979218, "epoch": 99, "_timestamp": 1750680632.4116063, "_runtime": 194.98597240447998, "_step": 411, "val_f1": 0.5016077160835266, "val_precision": 0.6964285969734192, "val_recall": 0.3919597864151001, "test_f1": 0.30974018573760986, "test_precision": 0.18378305435180664, "test_recall": 0.9844200611114502, "_wandb": {"runtime": 193}}