{"epoch_loss": 0.5024738907814026, "epoch": 199, "_timestamp": 1750690723.1729805, "_runtime": 442.93151450157166, "_step": 1041, "mean_alpha": 0.16354849934577942, "val_f1": 0.44590163230895996, "val_precision": 0.6071428656578064, "val_recall": 0.35233160853385925, "test_f1": 0.3185582160949707, "test_precision": 0.18992140889167786, "test_recall": 0.9872141480445862, "_wandb": {"runtime": 442}}