{"epoch_loss": -12.8666353225708, "epoch": 199, "_timestamp": 1750752113.9298787, "_runtime": 39.77450966835022, "_step": 811, "val_f1": 0.25531914830207825, "val_precision": 0.17142857611179352, "val_recall": 0.5, "test_f1": 0.2951306402683258, "test_precision": 0.1896747499704361, "test_recall": 0.6646825075149536, "_wandb": {"runtime": 37}}