{"epoch_loss": -4.281451225280762, "epoch": 99, "_timestamp": 1750756417.61924, "_runtime": 17.219900131225586, "_step": 617, "epoch_loss_ce": 0.002777004148811102, "epoch_loss_sim": 4.284228324890137, "val_f1": 0.49056604504585266, "val_precision": 0.34210526943206787, "val_recall": 0.8666666746139526, "test_f1": 0.4916149079799652, "test_precision": 0.33715176582336426, "test_recall": 0.9072749614715576, "_wandb": {"runtime": 16}}