{"epoch_loss": 0.37951546907424927, "epoch": 99, "_timestamp": 1750920369.397467, "_runtime": 22.723184823989868, "_step": 405, "val_f1": 0.3478260934352875, "val_precision": 0.4000000059604645, "val_recall": 0.3076923191547394, "test_f1": 0.31570279598236084, "test_precision": 0.24364116787910461, "test_recall": 0.4482946991920471, "_wandb": {"runtime": 22}}