{"epoch_loss": 0.6592361330986023, "epoch": 199, "_timestamp": 1750848136.2014446, "_runtime": 34.70732665061951, "_step": 1008, "mean_alpha": 0.32036325335502625, "val_f1": 0.4000000059604645, "val_precision": 0.5714285969734192, "val_recall": 0.3076923191547394, "test_f1": 0.32876935601234436, "test_precision": 0.19715817272663116, "test_recall": 0.9889025688171387, "_wandb": {"runtime": 33}}