{"epoch_loss": -0.7118995189666748, "epoch": 29, "_timestamp": 1750783444.9913635, "_runtime": 19.006821632385254, "_step": 191, "epoch_loss_ce": 0.0004428661777637899, "epoch_loss_sim": 0.712342381477356, "val_f1": 0.3809524178504944, "val_precision": 0.5, "val_recall": 0.3076923191547394, "test_f1": 0.4400233030319214, "test_precision": 0.5048959851264954, "test_recall": 0.3899231553077698, "_wandb": {"runtime": 18}}