{"epoch_loss": 0.7962265610694885, "epoch": 299, "_timestamp": 1750924323.9601603, "_runtime": 147.94463419914246, "_step": 1523, "mean_alpha": 0.19699731469154358, "val_f1": 0.36486488580703735, "val_precision": 0.26213592290878296, "val_recall": 0.6000000238418579, "test_f1": 0.2960304617881775, "test_precision": 0.19948254525661469, "test_recall": 0.5736933350563049, "_wandb": {"runtime": 147}}