{"epoch_loss": -9.190618515014648, "epoch": 199, "_timestamp": 1750754587.0493245, "_runtime": 255.28522443771362, "_step": 1202, "epoch_loss_ce": 0.013656905852258205, "epoch_loss_sim": -9.204275131225586, "val_f1": 0.0, "val_precision": 0.0, "val_recall": 0.0, "test_f1": 0.12126791477203369, "test_precision": 0.12993235886096954, "test_recall": 0.11368680745363235, "_wandb": {"runtime": 254}}