{"epoch_loss": -147.2717742919922, "epoch": 96, "_timestamp": 1750753671.932035, "_runtime": 26.52763795852661, "_step": 590, "epoch_loss_ce": 0.02810012921690941, "epoch_loss_sim": -147.2998809814453, "val_f1": 0.375, "val_precision": 1.0, "val_recall": 0.23076923191547394, "test_f1": 0.3932695686817169, "test_precision": 0.4738599956035614, "test_recall": 0.33610713481903076, "_wandb": {"runtime": 25}}