{"epoch_loss": 0.7914828062057495, "epoch": 299, "_timestamp": 1750927030.105401, "_runtime": 52.65245199203491, "_step": 1529, "mean_alpha": 0.20685355365276337, "val_f1": 0.222222238779068, "val_precision": 0.17391304671764374, "val_recall": 0.3076923191547394, "test_f1": 0.28643256425857544, "test_precision": 0.19516198337078094, "test_recall": 0.5380690693855286, "_wandb": {"runtime": 51}}