{"epoch_loss": 0.42193660140037537, "epoch": 99, "_timestamp": 1750918833.9151778, "_runtime": 118.19783782958984, "_step": 2029, "val_f1": 0.31578946113586426, "val_precision": 0.4285714328289032, "val_recall": 0.25, "test_f1": 0.3761507272720337, "test_precision": 0.2992299795150757, "test_recall": 0.5063018202781677, "_wandb": {"runtime": 117}}