{"epoch_loss": 0.31936776638031006, "epoch": 99, "_timestamp": 1750678671.9861858, "_runtime": 70.27148675918579, "_step": 423, "val_f1": 0.4691357910633087, "val_precision": 0.59375, "val_recall": 0.3877550959587097, "test_f1": 0.3439140319824219, "test_precision": 0.2413531094789505, "test_recall": 0.5980502367019653, "_wandb": {"runtime": 68}}