{"epoch_loss": -0.4687291383743286, "epoch": 6, "_timestamp": 1750770315.8954732, "_runtime": 21.16602325439453, "_step": 53, "epoch_loss_ce": 0.012872502207756042, "epoch_loss_sim": 0.48160165548324585, "val_f1": 0.5106382966041565, "val_precision": 0.6153846383094788, "val_recall": 0.4363636374473572, "test_f1": 0.5389600396156311, "test_precision": 0.4944475293159485, "test_recall": 0.5922799110412598, "_wandb": {"runtime": 20}}