{"epoch_loss": 0.22587904334068298, "epoch": 178, "_timestamp": 1750675622.4512527, "_runtime": 54.4674596786499, "_step": 736, "val_f1": 0.2666666805744171, "val_precision": 1.0, "val_recall": 0.1538461595773697, "test_f1": 0.18476320803165436, "test_precision": 0.15064452588558197, "test_recall": 0.23886172473430634, "_wandb": {"runtime": 50}}