{"epoch_loss": 0.6095665097236633, "epoch": 78, "_timestamp": 1750848620.1972086, "_runtime": 16.740686655044556, "_step": 418, "mean_alpha": 0.12370775640010834, "val_f1": 0.4000000059604645, "val_precision": 0.5714285969734192, "val_recall": 0.3076923191547394, "test_f1": 0.3123604655265808, "test_precision": 0.1869533509016037, "test_recall": 0.9488285779953003, "_wandb": {"runtime": 15}}