{"epoch_loss": 0.6070795655250549, "epoch": 299, "_timestamp": 1750925713.6526186, "_runtime": 183.38702869415283, "_step": 1589, "mean_alpha": -0.012713379226624966, "val_f1": 0.48275864124298096, "val_precision": 0.5833333134651184, "val_recall": 0.4117647111415863, "test_f1": 0.3997744023799896, "test_precision": 0.42584455013275146, "test_recall": 0.3767121136188507, "_wandb": {"runtime": 182}}