{"epoch_loss": -14.400443077087402, "epoch": 99, "_timestamp": 1750757092.6558478, "_runtime": 16.79171371459961, "_step": 611, "epoch_loss_ce": 0.0032418095506727695, "epoch_loss_sim": 14.403684616088867, "val_f1": 0.5806451439857483, "val_precision": 0.5625, "val_recall": 0.6000000238418579, "test_f1": 0.5494344234466553, "test_precision": 0.5449362993240356, "test_recall": 0.5540074110031128, "_wandb": {"runtime": 16}}