{"epoch_loss": -3.6407718658447266, "epoch": 96, "_timestamp": 1750755513.6745946, "_runtime": 16.147979736328125, "_step": 584, "epoch_loss_ce": 0.013346354477107525, "epoch_loss_sim": -3.654118299484253, "val_f1": 0.0, "val_precision": 0.0, "val_recall": 0.0, "test_f1": 0.12141542136669159, "test_precision": 0.13010995090007782, "test_recall": 0.11381011456251144, "_wandb": {"runtime": 15}}