{"epoch_loss": -13.13569450378418, "epoch": 99, "_timestamp": 1750757068.3342736, "_runtime": 16.849785566329956, "_step": 614, "epoch_loss_ce": 0.002437477931380272, "epoch_loss_sim": 13.138132095336914, "val_f1": 0.4545454680919647, "val_precision": 0.5555555820465088, "val_recall": 0.38461539149284363, "test_f1": 0.4910139739513397, "test_precision": 0.5382240414619446, "test_recall": 0.4514180123806, "_wandb": {"runtime": 16}}