{"epoch_loss": 0.28050002455711365, "epoch": 99, "_timestamp": 1750676837.7813084, "_runtime": 98.08735132217407, "_step": 438, "val_f1": 0.5454545617103577, "val_precision": 0.6666666865348816, "val_recall": 0.4615384638309479, "test_f1": 0.38531285524368286, "test_precision": 0.28446754813194275, "test_recall": 0.5969265103340149, "_wandb": {"runtime": 96}}