{"epoch_loss": 0.40037986636161804, "epoch": 99, "_timestamp": 1750926412.6146793, "_runtime": 24.675166368484497, "_step": 408, "val_f1": 0.5999999642372131, "val_precision": 0.8571428656578064, "val_recall": 0.4615384638309479, "test_f1": 0.4362162947654724, "test_precision": 0.4743301570415497, "test_recall": 0.4037719666957855, "_wandb": {"runtime": 24}}