{"epoch_loss": -6.22450590133667, "epoch": 99, "_timestamp": 1750757628.4911277, "_runtime": 49.489874839782715, "_step": 623, "epoch_loss_ce": 0.003356232773512602, "epoch_loss_sim": 6.227862358093262, "val_f1": 0.48979589343070984, "val_precision": 0.5106382966041565, "val_recall": 0.47058823704719543, "test_f1": 0.6054516434669495, "test_precision": 0.5694112777709961, "test_recall": 0.6463625431060791, "_wandb": {"runtime": 48}}