{"epoch_loss": 0.5693143010139465, "epoch": 299, "_timestamp": 1750917141.0211868, "_runtime": 48.5038697719574, "_step": 1511, "mean_alpha": 0.05298536270856857, "val_f1": 0.5517241954803467, "val_precision": 0.5714285969734192, "val_recall": 0.5333333611488342, "test_f1": 0.33571597933769226, "test_precision": 0.2251451015472412, "test_recall": 0.6597017645835876, "_wandb": {"runtime": 47}}