{"epoch_loss": 0.6932666301727295, "epoch": 41, "_timestamp": 1750848392.2927144, "_runtime": 18.743833303451538, "_step": 209, "mean_alpha": 0.15843112766742706, "val_f1": 0.4193548262119293, "val_precision": 0.26530611515045166, "val_recall": 1.0, "test_f1": 0.30669692158699036, "test_precision": 0.18113966286182404, "test_recall": 0.9995067715644836, "_wandb": {"runtime": 10}}