{"epoch_loss": -378.4135437011719, "epoch": 199, "_timestamp": 1750753317.739976, "_runtime": 47.49637985229492, "_step": 1202, "epoch_loss_ce": 0.2625318467617035, "epoch_loss_sim": -378.67608642578125, "val_f1": 0.222222238779068, "val_precision": 0.5, "val_recall": 0.1428571492433548, "test_f1": 0.4692344069480896, "test_precision": 0.32522842288017273, "test_recall": 0.8421052694320679, "_wandb": {"runtime": 46}}