{"epoch_loss": 0.055051468312740326, "epoch": 199, "_timestamp": 1750675494.122971, "_runtime": 41.1193470954895, "_step": 811, "val_f1": 0.5714285969734192, "val_precision": 0.75, "val_recall": 0.4615384638309479, "test_f1": 0.3392542600631714, "test_precision": 0.20593972504138947, "test_recall": 0.9620068669319153, "_wandb": {"runtime": 39}}