{"epoch_loss": -0.8818630278110504, "epoch": 29, "_timestamp": 1750771046.3973346, "_runtime": 74.82238149642944, "_step": 203, "epoch_loss_ce": 0.002722712350077927, "epoch_loss_sim": 0.8845857381820679, "val_f1": 0.5210525989532471, "val_precision": 0.6036585569381714, "val_recall": 0.4583333432674408, "test_f1": 0.4400416314601898, "test_precision": 0.34201088547706604, "test_recall": 0.616849422454834, "_wandb": {"runtime": 74}}