{"epoch_loss": 0.6062052249908447, "epoch": 199, "_timestamp": 1750916953.7392027, "_runtime": 37.76934862136841, "_step": 1014, "mean_alpha": 0.053025972098112106, "val_f1": 0.4864864945411682, "val_precision": 0.375, "val_recall": 0.692307710647583, "test_f1": 0.3127676844596863, "test_precision": 0.21236003935337067, "test_recall": 0.5932821035385132, "_wandb": {"runtime": 37}}