{"epoch_loss": 0.00857270136475563, "epoch": 299, "_timestamp": 1750947790.3264012, "_runtime": 152.47244119644165, "_step": 1526, "mean_alpha": 0.24872152507305145, "val_f1": 0.5, "val_precision": 0.6896551847457886, "val_recall": 0.3921568691730499, "test_f1": 0.28658849000930786, "test_precision": 0.19027893245220184, "test_recall": 0.580314040184021, "_wandb": {"runtime": 151}}