{"epoch_loss": -2.516211986541748, "epoch": 99, "_timestamp": 1750756492.0841367, "_runtime": 18.152361631393433, "_step": 623, "epoch_loss_ce": 0.006683776620775461, "epoch_loss_sim": 2.5228958129882812, "val_f1": 0.44897958636283875, "val_precision": 0.3055555522441864, "val_recall": 0.8461538553237915, "test_f1": 0.37877005338668823, "test_precision": 0.23514164984226227, "test_recall": 0.9732429385185242, "_wandb": {"runtime": 17}}