{"epoch_loss": 0.007939819246530533, "epoch": 199, "_timestamp": 1750850703.8469017, "_runtime": 28.985392570495605, "_step": 1020, "mean_alpha": 0.20479734241962433, "val_f1": 0.38461539149284363, "val_precision": 0.38461539149284363, "val_recall": 0.38461539149284363, "test_f1": 0.25714194774627686, "test_precision": 0.17281174659729004, "test_recall": 0.5022194981575012, "_wandb": {"runtime": 28}}