{"epoch_loss": -13.041425704956055, "epoch": 99, "_timestamp": 1750757183.9254467, "_runtime": 16.198124647140503, "_step": 611, "epoch_loss_ce": 0.003945443779230118, "epoch_loss_sim": 13.045371055603027, "val_f1": 0.3076923191547394, "val_precision": 0.2857142984867096, "val_recall": 0.3333333432674408, "test_f1": 0.49257510900497437, "test_precision": 0.46189549565315247, "test_recall": 0.5276201963424683, "_wandb": {"runtime": 15}}