{"epoch_loss": -0.9801877737045288, "epoch": 29, "_timestamp": 1750785213.5840507, "_runtime": 223.05849766731262, "_step": 188, "epoch_loss_ce": 0.0030159486258136375, "epoch_loss_sim": 0.9832037261554173, "val_f1": 0.5913043022155762, "val_precision": 0.6238532066345215, "val_recall": 0.5619834661483765, "test_f1": 0.4013926684856415, "test_precision": 0.32284659147262573, "test_recall": 0.5304461121559143, "_wandb": {"runtime": 222}}