{"epoch_loss": 0.5087781889098031, "epoch": 199, "_timestamp": 1750669017.8244176, "_runtime": 1409.170345544815, "_step": 823, "val_f1": 0.5023621916770935, "val_precision": 0.7120535969734192, "val_recall": 0.38807785511016846, "test_f1": 0.3252722918987274, "test_precision": 0.19607597589492798, "test_recall": 0.9536246657371521, "_wandb": {"runtime": 1408}}