{"epoch_loss": -0.7098599672317505, "epoch": 29, "_timestamp": 1750783473.1438317, "_runtime": 21.038484811782837, "_step": 197, "epoch_loss_ce": 0.0012889262288808823, "epoch_loss_sim": 0.7111489176750183, "val_f1": 0.6206896305084229, "val_precision": 0.6428571343421936, "val_recall": 0.6000000238418579, "test_f1": 0.5214856266975403, "test_precision": 0.41150543093681335, "test_recall": 0.7116955518722534, "_wandb": {"runtime": 20}}