{"epoch_loss": 0.38886594772338867, "epoch": 99, "_timestamp": 1750919828.8807898, "_runtime": 21.98921775817871, "_step": 405, "val_f1": 0.5999999642372131, "val_precision": 0.8571428656578064, "val_recall": 0.4615384638309479, "test_f1": 0.38508498668670654, "test_precision": 0.3511734902858734, "test_recall": 0.42624592781066895, "_wandb": {"runtime": 21}}