{"epoch_loss": 0.6181794703006744, "epoch": 299, "_timestamp": 1750931018.7293725, "_runtime": 568.1220965385437, "_step": 1601, "mean_alpha": 0.012374854646623135, "val_f1": 0.4327485263347626, "val_precision": 0.578125, "val_recall": 0.3457943797111511, "test_f1": 0.35781288146972656, "test_precision": 0.3413679003715515, "test_recall": 0.3759225010871887, "_wandb": {"runtime": 567}}