{"epoch_loss": 0.4578099697828293, "epoch": 99, "_timestamp": 1750681980.6805806, "_runtime": 214.8521716594696, "_step": 411, "val_f1": 0.5016077160835266, "val_precision": 0.6964285969734192, "val_recall": 0.3919597864151001, "test_f1": 0.3092948794364929, "test_precision": 0.1832726150751114, "test_recall": 0.9901297092437744, "_wandb": {"runtime": 213}}