{"epoch_loss": -6.764920711517334, "epoch": 199, "_timestamp": 1750753967.170951, "_runtime": 38.51655197143555, "_step": 1214, "epoch_loss_ce": 0.012974953278899193, "epoch_loss_sim": -6.777895450592041, "val_f1": 0.0, "val_precision": 0.0, "val_recall": 0.0, "test_f1": 0.43015870451927185, "test_precision": 0.6035634875297546, "test_recall": 0.3341553509235382, "_wandb": {"runtime": 26}}