{"epoch_loss": 0.5828531384468079, "epoch": 99, "_timestamp": 1750677127.49885, "_runtime": 95.54140019416809, "_step": 480, "val_f1": 0.47368425130844116, "val_precision": 0.6428571343421936, "val_recall": 0.375, "test_f1": 0.3989221751689911, "test_precision": 0.26422128081321716, "test_recall": 0.8138002157211304, "_wandb": {"runtime": 94}}