{"epoch_loss": 0.616007387638092, "epoch": 299, "_timestamp": 1750930442.0120304, "_runtime": 551.5726873874664, "_step": 1574, "mean_alpha": 0.009033504873514175, "val_f1": 0.44578316807746887, "val_precision": 0.6016260385513306, "val_recall": 0.35406699776649475, "test_f1": 0.4877985417842865, "test_precision": 0.5232728123664856, "test_recall": 0.4568287432193756, "_wandb": {"runtime": 550}}