{"epoch_loss": 0.40023234486579895, "epoch": 99, "_timestamp": 1750919767.5273247, "_runtime": 21.17382574081421, "_step": 402, "val_f1": 0.0, "val_precision": 0.0, "val_recall": 0.0, "test_f1": 0.07319612056016922, "test_precision": 0.050898950546979904, "test_recall": 0.13025784492492676, "_wandb": {"runtime": 20}}