{"epoch_loss": -19.199853897094727, "epoch": 99, "_timestamp": 1750758591.9397962, "_runtime": 180.91238832473755, "_step": 620, "epoch_loss_ce": 0.03124884213320911, "epoch_loss_sim": 19.23110294342041, "val_f1": 0.47948163747787476, "val_precision": 0.449392706155777, "val_recall": 0.5138888955116272, "test_f1": 0.45221519470214844, "test_precision": 0.3886869549751282, "test_recall": 0.5405672192573547, "_wandb": {"runtime": 180}}