{"epoch_loss": -0.9764637776783535, "epoch": 29, "_timestamp": 1750784982.8772466, "_runtime": 225.2617175579071, "_step": 191, "epoch_loss_ce": 0.0049744955197508845, "epoch_loss_sim": 0.9814382791519165, "val_f1": 0.6165047883987427, "val_precision": 0.6271604895591736, "val_recall": 0.6062052249908447, "test_f1": 0.413328617811203, "test_precision": 0.3244052231311798, "test_recall": 0.5694110989570618, "_wandb": {"runtime": 224}}