{"epoch_loss": 0.6959887146949768, "epoch": 0, "_timestamp": 1750923074.088677, "_runtime": 8.929813861846924, "_step": 0, "_wandb": {"runtime": 8}}