{"epoch_loss": 0.44580259919166565, "epoch": 99, "_timestamp": 1750676733.0623102, "_runtime": 88.26603531837463, "_step": 435, "val_f1": 0.13333334028720856, "val_precision": 1.0, "val_recall": 0.0714285746216774, "test_f1": 0.3125656843185425, "test_precision": 0.18529292941093445, "test_recall": 0.9982081651687622, "_wandb": {"runtime": 87}}