{"epoch_loss": -0.7349784970283508, "epoch": 29, "_timestamp": 1750783378.665758, "_runtime": 36.45878982543945, "_step": 206, "epoch_loss_ce": 0.003218266414478421, "epoch_loss_sim": 0.7381967902183533, "val_f1": 0.5283018946647644, "val_precision": 0.4912280738353729, "val_recall": 0.5714285969734192, "test_f1": 0.47938063740730286, "test_precision": 0.37395164370536804, "test_recall": 0.6675980091094971, "_wandb": {"runtime": 35}}