{"epoch_loss": 0.4482387900352478, "epoch": 99, "_timestamp": 1750679402.927415, "_runtime": 193.70098495483398, "_step": 411, "val_f1": 0.5077399611473083, "val_precision": 0.7321428656578064, "val_recall": 0.3886255919933319, "test_f1": 0.3356536328792572, "test_precision": 0.22832775115966797, "test_recall": 0.6333708167076111, "_wandb": {"runtime": 191}}