{"epoch_loss": 0.4402751156261989, "epoch": 199, "_timestamp": 1750671860.6820972, "_runtime": 1413.8717441558838, "_step": 805, "val_f1": 0.33786076307296753, "val_precision": 0.5653409361839294, "val_recall": 0.24092009663581848, "test_f1": 0.22540733218193054, "test_precision": 0.3180258870124817, "test_recall": 0.17456798255443573, "_wandb": {"runtime": 1412}}