{"epoch_loss": 0.26269638538360596, "epoch": 99, "_timestamp": 1750676359.2324536, "_runtime": 32.52624559402466, "_step": 414, "val_f1": 0.5185185074806213, "val_precision": 0.5, "val_recall": 0.5384615659713745, "test_f1": 0.3364414870738983, "test_precision": 0.20477387309074402, "test_recall": 0.9423877000808716, "_wandb": {"runtime": 30}}