{"epoch_loss": 0.47568149864673615, "epoch": 99, "_timestamp": 1750928109.1766174, "_runtime": 179.8916404247284, "_step": 405, "val_f1": 0.5153374075889587, "val_precision": 0.75, "val_recall": 0.3925233781337738, "test_f1": 0.4451940953731537, "test_precision": 0.5038176774978638, "test_recall": 0.39879125356674194, "_wandb": {"runtime": 179}}