{"epoch_loss": 0.4118182063102722, "epoch": 199, "_timestamp": 1750684669.6726072, "_runtime": 379.5547432899475, "_step": 1032, "mean_alpha": 0.22203299403190613, "val_f1": 0.5090909004211426, "val_precision": 0.6942148804664612, "val_recall": 0.4019138813018799, "test_f1": 0.18017566204071045, "test_precision": 0.12785516679286957, "test_recall": 0.304977685213089, "_wandb": {"runtime": 377}}