{"epoch_loss": 0.6420505046844482, "epoch": 199, "_timestamp": 1750848094.2877758, "_runtime": 50.76738476753235, "_step": 1047, "mean_alpha": 0.321193128824234, "val_f1": 0.4545454680919647, "val_precision": 0.7142857313156128, "val_recall": 0.3333333432674408, "test_f1": 0.3061502277851105, "test_precision": 0.19431893527507782, "test_recall": 0.721208393573761, "_wandb": {"runtime": 50}}