{"test_f1": 0.3767032325267792, "epoch": 30, "_timestamp": 1750824006.4458563, "_runtime": 431.1037142276764, "_step": 194, "test_precision": 0.2567586898803711, "test_recall": 0.7069578170776367, "epoch_loss": -0.9885167181491852, "epoch_loss_ce": 0.0024416560273883598, "epoch_loss_sim": 0.9909583713327136, "val_f1": 0.6577337980270386, "val_precision": 0.6371331810951233, "val_recall": 0.6797110438346863, "_wandb": {"runtime": 430}}