{"epoch_loss": -7.760516166687012, "epoch": 99, "_timestamp": 1750756950.8029764, "_runtime": 17.478277444839478, "_step": 617, "epoch_loss_ce": 0.00758651876822114, "epoch_loss_sim": 7.768102645874023, "val_f1": 0.47058823704719543, "val_precision": 0.380952388048172, "val_recall": 0.6153846383094788, "test_f1": 0.41978126764297485, "test_precision": 0.269133061170578, "test_recall": 0.9535141587257385, "_wandb": {"runtime": 16}}