{"epoch_loss": 0.6144029796123505, "epoch": 299, "_timestamp": 1750933104.0372329, "_runtime": 552.9028918743134, "_step": 1568, "mean_alpha": -0.011998257599771023, "val_f1": 0.4615384638309479, "val_precision": 0.604651153087616, "val_recall": 0.3732057511806488, "test_f1": 0.44419318437576294, "test_precision": 0.466923326253891, "test_recall": 0.4235733449459076, "_wandb": {"runtime": 552}}