{"epoch_loss": 0.4248708486557007, "epoch": 99, "_timestamp": 1750678125.0408735, "_runtime": 82.55526161193848, "_step": 411, "val_f1": 0.44155845046043396, "val_precision": 0.6071428656578064, "val_recall": 0.3469387888908386, "test_f1": 0.30644312500953674, "test_precision": 0.18096338212490082, "test_recall": 0.9994837045669556, "_wandb": {"runtime": 80}}