{"epoch_loss": -9.232295989990234, "epoch": 199, "_timestamp": 1750755438.3426752, "_runtime": 25.82377028465271, "_step": 1202, "epoch_loss_ce": 0.011686514131724834, "epoch_loss_sim": -9.243982315063477, "val_f1": 0.0, "val_precision": 0.0, "val_recall": 0.0, "test_f1": 0.12141542136669159, "test_precision": 0.13010995090007782, "test_recall": 0.11381011456251144, "_wandb": {"runtime": 25}}