{"epoch_loss": 0.26420313119888306, "epoch": 199, "_timestamp": 1750694897.294164, "_runtime": 143.33599400520325, "_step": 1020, "mean_alpha": 0.3202788531780243, "val_f1": 0.44736841320991516, "val_precision": 0.6296296119689941, "val_recall": 0.3469387888908386, "test_f1": 0.3967258036136627, "test_precision": 0.3563154339790344, "test_recall": 0.44747471809387207, "_wandb": {"runtime": 141}}