{"epoch_loss": 0.5997190475463867, "epoch": 299, "_timestamp": 1750925897.1252098, "_runtime": 151.27488589286804, "_step": 1520, "mean_alpha": -0.015210593119263649, "val_f1": 0.3636363744735718, "val_precision": 0.3333333432674408, "val_recall": 0.4000000059604645, "test_f1": 0.39529648423194885, "test_precision": 0.32850104570388794, "test_recall": 0.49618855118751526, "_wandb": {"runtime": 150}}