{"epoch_loss": 0.7711116075515747, "epoch": 299, "_timestamp": 1750927091.132766, "_runtime": 53.050822019577026, "_step": 1526, "mean_alpha": 0.20143519341945648, "val_f1": 0.3870967924594879, "val_precision": 0.3333333432674408, "val_recall": 0.4615384638309479, "test_f1": 0.2883731722831726, "test_precision": 0.19270706176757812, "test_recall": 0.5726607441902161, "_wandb": {"runtime": 52}}