{"epoch_loss": 0.28301921486854553, "epoch": 199, "_timestamp": 1750693765.6163452, "_runtime": 110.34603524208069, "_step": 1020, "mean_alpha": 0.3368431031703949, "val_f1": 0.4225352108478546, "val_precision": 0.7142857313156128, "val_recall": 0.30000001192092896, "test_f1": 0.2794036567211151, "test_precision": 0.17107219994068146, "test_recall": 0.7618367671966553, "_wandb": {"runtime": 108}}