{"epoch_loss": 0.46797654032707214, "epoch": 99, "_timestamp": 1750923317.183848, "_runtime": 57.04952597618103, "_step": 408, "val_f1": 0.5316455364227295, "val_precision": 0.75, "val_recall": 0.4117647111415863, "test_f1": 0.4452468156814575, "test_precision": 0.5038557648658752, "test_recall": 0.39885202050209045, "_wandb": {"runtime": 56}}