{"epoch_loss": -8.068519592285156, "epoch": 199, "_timestamp": 1750754762.7928548, "_runtime": 27.14122986793518, "_step": 1202, "epoch_loss_ce": 0.013836050406098366, "epoch_loss_sim": -8.082355499267578, "val_f1": 0.0, "val_precision": 0.0, "val_recall": 0.0, "test_f1": 0.09209442883729935, "test_precision": 0.10383781790733337, "test_recall": 0.08273736387491226, "_wandb": {"runtime": 26}}