{"epoch_loss": 0.5048446804285049, "epoch": 56, "_timestamp": 1750664015.6177301, "_runtime": 488.3808832168579, "_step": 256, "_wandb": {"runtime": 489}}