{"epoch_loss": 0.4235779345035553, "epoch": 199, "_timestamp": 1750693650.2201753, "_runtime": 110.57936120033264, "_step": 1026, "mean_alpha": 0.3282332420349121, "val_f1": 0.5060241222381592, "val_precision": 0.6774193644523621, "val_recall": 0.4038461446762085, "test_f1": 0.3195291757583618, "test_precision": 0.22317855060100555, "test_recall": 0.5622740983963013, "_wandb": {"runtime": 108}}