{"epoch_loss": 0.4015767574310303, "epoch": 99, "_timestamp": 1750919798.3236399, "_runtime": 22.595947980880737, "_step": 408, "val_f1": 0.2500000298023224, "val_precision": 0.6666666865348816, "val_recall": 0.1538461595773697, "test_f1": 0.5573408603668213, "test_precision": 0.47041982412338257, "test_recall": 0.6836638450622559, "_wandb": {"runtime": 21}}