{"epoch_loss": 0.3157382905483246, "epoch": 99, "_timestamp": 1750678518.8055346, "_runtime": 63.435566663742065, "_step": 414, "val_f1": 0.5217391848564148, "val_precision": 0.6000000238418579, "val_recall": 0.4615384638309479, "test_f1": 0.3003953993320465, "test_precision": 0.1818007528781891, "test_recall": 0.8640325665473938, "_wandb": {"runtime": 61}}