{"epoch_loss": 0.4750673472881317, "epoch": 99, "_timestamp": 1750928300.56039, "_runtime": 180.7943630218506, "_step": 402, "val_f1": 0.5061728358268738, "val_precision": 0.7321428656578064, "val_recall": 0.38679245114326477, "test_f1": 0.44113391637802124, "test_precision": 0.5019761323928833, "test_recall": 0.3934461176395416, "_wandb": {"runtime": 180}}