{"epoch_loss": 0.2995562255382538, "epoch": 199, "_timestamp": 1750696079.3626063, "_runtime": 44.49991226196289, "_step": 1026, "mean_alpha": 0.3364696800708771, "val_f1": 0.2857142984867096, "val_precision": 1.0, "val_recall": 0.1666666716337204, "test_f1": 0.27551114559173584, "test_precision": 0.2424522191286087, "test_recall": 0.3190087080001831, "_wandb": {"runtime": 42}}