{"epoch_loss": -0.7418434619903564, "epoch": 29, "_timestamp": 1750783873.0319014, "_runtime": 14.202012300491333, "_step": 182, "epoch_loss_ce": 0.0020938238594681025, "epoch_loss_sim": 0.7439373135566711, "val_f1": 0.11764706671237946, "val_precision": 0.25, "val_recall": 0.07692307978868484, "test_f1": 0.16404594480991364, "test_precision": 0.17870695888996124, "test_recall": 0.15160810947418213, "_wandb": {"runtime": 13}}