{"epoch_loss": -378.4135437011719, "epoch": 199, "_timestamp": 1750753041.2122235, "_runtime": 33.44386959075928, "_step": 802, "val_f1": 0.222222238779068, "val_precision": 0.5, "val_recall": 0.1428571492433548, "test_f1": 0.4692344069480896, "test_precision": 0.32522842288017273, "test_recall": 0.8421052694320679, "_wandb": {"runtime": 32}}