{"epoch_loss": 0.20332986116409302, "epoch": 199, "_timestamp": 1750696372.3168657, "_runtime": 67.2671365737915, "_step": 1014, "mean_alpha": 0.3267025351524353, "val_f1": 0.5185185074806213, "val_precision": 0.5, "val_recall": 0.5384615659713745, "test_f1": 0.44025954604148865, "test_precision": 0.40214961767196655, "test_recall": 0.48634859919548035, "_wandb": {"runtime": 65}}