{"epoch_loss": 0.6151705384254456, "epoch": 299, "_timestamp": 1750917741.6778286, "_runtime": 48.376760482788086, "_step": 1511, "mean_alpha": 0.0, "val_f1": 0.3636363744735718, "val_precision": 0.4444444477558136, "val_recall": 0.3076923191547394, "test_f1": 0.3272380232810974, "test_precision": 0.2397574931383133, "test_recall": 0.515230655670166, "_wandb": {"runtime": 47}}