{"epoch_loss": -0.6657967567443848, "epoch": 29, "_timestamp": 1750783250.2303522, "_runtime": 28.693716049194336, "_step": 194, "epoch_loss_ce": 0.0011210135417059064, "epoch_loss_sim": 0.6669177412986755, "val_f1": 0.5252525210380554, "val_precision": 0.5909090638160706, "val_recall": 0.4727272689342499, "test_f1": 0.5986868739128113, "test_precision": 0.5297858119010925, "test_recall": 0.6881890296936035, "_wandb": {"runtime": 28}}