{"epoch_loss": 0.3888323903083801, "epoch": 99, "_timestamp": 1750919419.2059443, "_runtime": 26.753028392791748, "_step": 411, "val_f1": 0.6086956858634949, "val_precision": 0.7777777910232544, "val_recall": 0.5, "test_f1": 0.4520271420478821, "test_precision": 0.5012946724891663, "test_recall": 0.41157713532447815, "_wandb": {"runtime": 25}}