{"epoch_loss": -11.944384574890137, "epoch": 199, "_timestamp": 1750751968.0360513, "_runtime": 38.476455211639404, "_step": 805, "val_f1": 0.1818181723356247, "val_precision": 0.12903225421905518, "val_recall": 0.3076923191547394, "test_f1": 0.2951306402683258, "test_precision": 0.1896747499704361, "test_recall": 0.6646825075149536, "_wandb": {"runtime": 36}}