{"epoch_loss": 0.18775440752506256, "epoch": 99, "_timestamp": 1750948180.35082, "_runtime": 193.86501908302307, "_step": 417, "val_f1": 0.49390244483947754, "val_precision": 0.7168141603469849, "val_recall": 0.37674418091773987, "test_f1": 0.4451940953731537, "test_precision": 0.5038176774978638, "test_recall": 0.39879125356674194, "_wandb": {"runtime": 193}}