{"epoch_loss": -16.27253532409668, "epoch": 99, "_timestamp": 1750757158.6035175, "_runtime": 15.655784606933594, "_step": 605, "epoch_loss_ce": 0.002775182481855154, "epoch_loss_sim": 16.275310516357422, "val_f1": 0.2608695924282074, "val_precision": 0.30000001192092896, "val_recall": 0.23076923191547394, "test_f1": 0.10373151302337646, "test_precision": 0.1418788731098175, "test_recall": 0.08175092190504074, "_wandb": {"runtime": 14}}