{"epoch_loss": 0.38186292350292206, "epoch": 199, "_timestamp": 1750667338.4540377, "_runtime": 430.52234864234924, "_step": 832, "val_f1": 0.3687150776386261, "val_precision": 0.44897958636283875, "val_recall": 0.3127962052822113, "test_f1": 0.45531484484672546, "test_precision": 0.4927331209182739, "test_recall": 0.4231785535812378, "_wandb": {"runtime": 428}}