{"epoch_loss": -0.9849474430084229, "epoch": 99, "_timestamp": 1750784202.209261, "_runtime": 28.061108827590942, "_step": 620, "epoch_loss_ce": 0.00016892731946427375, "epoch_loss_sim": 0.9851163625717163, "val_f1": 0.6206896305084229, "val_precision": 0.6428571343421936, "val_recall": 0.6000000238418579, "test_f1": 0.5467662215232849, "test_precision": 0.42894667387008667, "test_recall": 0.7538190484046936, "_wandb": {"runtime": 27}}