{"epoch_loss": -8.783513069152832, "epoch": 99, "_timestamp": 1750757685.9919496, "_runtime": 48.5981605052948, "_step": 611, "epoch_loss_ce": 0.0050755091942846775, "epoch_loss_sim": 8.788588523864746, "val_f1": 0.35087719559669495, "val_precision": 0.3076923191547394, "val_recall": 0.40816327929496765, "test_f1": 0.4955557882785797, "test_precision": 0.4658203125, "test_recall": 0.5293464660644531, "_wandb": {"runtime": 47}}