{"epoch_loss": -307.4647216796875, "epoch": 199, "_timestamp": 1750753635.0062969, "_runtime": 33.277493953704834, "_step": 1202, "epoch_loss_ce": 0.2990446090698242, "epoch_loss_sim": -307.7637634277344, "val_f1": 0.21052631735801697, "val_precision": 0.4000000059604645, "val_recall": 0.1428571492433548, "test_f1": 0.46835634112358093, "test_precision": 0.3245117664337158, "test_recall": 0.8412548899650574, "_wandb": {"runtime": 32}}