{"epoch_loss": 0.41304200887680054, "epoch": 99, "_timestamp": 1750919385.1173625, "_runtime": 20.93015456199646, "_step": 402, "val_f1": 0.5454545617103577, "val_precision": 0.8571428656578064, "val_recall": 0.4000000059604645, "test_f1": 0.05456608161330223, "test_precision": 0.03840534761548042, "test_recall": 0.09420839697122574, "_wandb": {"runtime": 20}}