{"epoch_loss": -8.41236686706543, "epoch": 99, "_timestamp": 1750756925.3419597, "_runtime": 16.625324726104736, "_step": 617, "epoch_loss_ce": 0.005335168447345495, "epoch_loss_sim": 8.417701721191406, "val_f1": 0.5945945978164673, "val_precision": 0.5, "val_recall": 0.7333333492279053, "test_f1": 0.5817774534225464, "test_precision": 0.46807870268821716, "test_recall": 0.7684340476989746, "_wandb": {"runtime": 15}}