{"epoch_loss": 0.446408212184906, "epoch": 99, "_timestamp": 1750921868.9708812, "_runtime": 57.30566215515137, "_step": 408, "val_f1": 0.5393258333206177, "val_precision": 0.8571428656578064, "val_recall": 0.39344263076782227, "test_f1": 0.24762089550495148, "test_precision": 0.19191446900367737, "test_recall": 0.34889301657676697, "_wandb": {"runtime": 55}}