{"epoch_loss": 0.6147285401821136, "epoch": 299, "_timestamp": 1750933662.288727, "_runtime": 548.6185131072998, "_step": 1556, "mean_alpha": -0.007971474900841713, "val_f1": 0.4651162922382355, "val_precision": 0.6153846383094788, "val_recall": 0.37383177876472473, "test_f1": 0.36618420481681824, "test_precision": 0.34822505712509155, "test_recall": 0.3860965073108673, "_wandb": {"runtime": 547}}