{"epoch_loss": 0.6030474901199341, "epoch": 299, "_timestamp": 1750925521.4907994, "_runtime": 168.82629251480103, "_step": 1571, "mean_alpha": -0.013609424233436584, "val_f1": 0.5, "val_precision": 0.6216216087341309, "val_recall": 0.41818180680274963, "test_f1": 0.5090487599372864, "test_precision": 0.4983272850513458, "test_recall": 0.5202417373657227, "_wandb": {"runtime": 168}}