{"epoch_loss": 0.20416580140590668, "epoch": 199, "_timestamp": 1750696456.773784, "_runtime": 78.41840481758118, "_step": 1020, "mean_alpha": 0.3307553231716156, "val_f1": 0.4761905074119568, "val_precision": 0.5555555820465088, "val_recall": 0.4166666567325592, "test_f1": 0.22897890210151672, "test_precision": 0.18613402545452118, "test_recall": 0.2974458634853363, "_wandb": {"runtime": 76}}