{"epoch_loss": -0.9818093180656433, "epoch": 99, "_timestamp": 1750784234.3483934, "_runtime": 24.512815475463867, "_step": 608, "epoch_loss_ce": 0.0002871633041650057, "epoch_loss_sim": 0.9820964932441711, "val_f1": 0.2857142984867096, "val_precision": 0.2666666805744171, "val_recall": 0.3076923191547394, "test_f1": 0.5225011110305786, "test_precision": 0.4663773477077484, "test_recall": 0.593980610370636, "_wandb": {"runtime": 23}}