{"epoch_loss": -0.9827570404325213, "epoch": 29, "_timestamp": 1750785445.1065474, "_runtime": 223.22521924972534, "_step": 188, "epoch_loss_ce": 0.003061578708833882, "epoch_loss_sim": 0.9858186074665615, "val_f1": 0.6085387468338013, "val_precision": 0.6140776872634888, "val_recall": 0.6030989289283752, "test_f1": 0.3903557360172272, "test_precision": 0.3023275136947632, "test_recall": 0.5507030487060547, "_wandb": {"runtime": 222}}