{"epoch_loss": -78.29437364850726, "epoch": 99, "_timestamp": 1750769939.7707891, "_runtime": 717.2602331638336, "_step": 611, "epoch_loss_ce": 0.16743423736521176, "epoch_loss_sim": 78.46180725097656, "val_f1": 0.5177076458930969, "val_precision": 0.5537189841270447, "val_recall": 0.48609432578086853, "test_f1": 0.423057496547699, "test_precision": 0.31083449721336365, "test_recall": 0.6621010303497314, "_wandb": {"runtime": 716}}