{"epoch_loss": 0.4214463531970978, "epoch": 99, "_timestamp": 1750926502.4863677, "_runtime": 22.50874972343445, "_step": 405, "val_f1": 0.5999999642372131, "val_precision": 0.8571428656578064, "val_recall": 0.4615384638309479, "test_f1": 0.4409826695919037, "test_precision": 0.501782238483429, "test_recall": 0.393324613571167, "_wandb": {"runtime": 21}}