{"epoch_loss": 0.5698567628860474, "epoch": 299, "_timestamp": 1750917414.2153902, "_runtime": 68.79389715194702, "_step": 1550, "mean_alpha": 0.046356722712516785, "val_f1": 0.5161290764808655, "val_precision": 0.5, "val_recall": 0.5333333611488342, "test_f1": 0.3036002218723297, "test_precision": 0.202212855219841, "test_recall": 0.6088923811912537, "_wandb": {"runtime": 68}}