{"epoch_loss": -12.59386157989502, "epoch": 199, "_timestamp": 1750752014.7244766, "_runtime": 38.58104658126831, "_step": 808, "val_f1": 0.29999998211860657, "val_precision": 0.2222222238779068, "val_recall": 0.4615384638309479, "test_f1": 0.2951306402683258, "test_precision": 0.1896747499704361, "test_recall": 0.6646825075149536, "_wandb": {"runtime": 36}}