{"epoch_loss": 0.6168403625488281, "epoch": 299, "_timestamp": 1750917683.9690332, "_runtime": 59.48326134681702, "_step": 1535, "mean_alpha": 0.0, "val_f1": 0.4545454680919647, "val_precision": 0.7142857313156128, "val_recall": 0.3333333432674408, "test_f1": 0.36930954456329346, "test_precision": 0.25395503640174866, "test_recall": 0.6766787171363831, "_wandb": {"runtime": 58}}