{"epoch_loss": 0.398940771818161, "epoch": 99, "_timestamp": 1750919090.2885282, "_runtime": 21.624160289764404, "_step": 402, "val_f1": 0.4000000059604645, "val_precision": 0.5714285969734192, "val_recall": 0.3076923191547394, "test_f1": 0.2711073160171509, "test_precision": 0.19305138289928436, "test_recall": 0.455128014087677, "_wandb": {"runtime": 20}}