{"epoch_loss": 0.6724971532821655, "epoch": 22, "_timestamp": 1750848533.4536142, "_runtime": 7.110964298248291, "_step": 117, "mean_alpha": 0.1815868467092514, "val_f1": 0.4193548262119293, "val_precision": 0.26530611515045166, "val_recall": 1.0, "test_f1": 0.3069670498371124, "test_precision": 0.1813240945339203, "test_recall": 0.9996300935745239, "_wandb": {"runtime": 6}}