{"epoch_loss": 0.044821687042713165, "epoch": 69, "_timestamp": 1750755713.0252395, "_runtime": 12.016729354858398, "_step": 419, "epoch_loss_ce": 0.010075455531477928, "epoch_loss_sim": 0.034746233373880386, "val_f1": 0.0, "val_precision": 0.0, "val_recall": 0.0, "test_f1": 0.1262110471725464, "test_precision": 0.1345241367816925, "test_recall": 0.11886560171842575, "_wandb": {"runtime": 11}}