{"epoch_loss": -0.9818688631057739, "epoch": 99, "_timestamp": 1750784265.096198, "_runtime": 23.2498881816864, "_step": 605, "epoch_loss_ce": 0.00027759387739934027, "epoch_loss_sim": 0.9821464419364929, "val_f1": 0.31578949093818665, "val_precision": 0.5, "val_recall": 0.23076923191547394, "test_f1": 0.37097543478012085, "test_precision": 0.3284113109111786, "test_recall": 0.4262155592441559, "_wandb": {"runtime": 22}}