{"epoch_loss": 0.4499013423919678, "epoch": 99, "_timestamp": 1750921803.2097623, "_runtime": 55.23605442047119, "_step": 405, "val_f1": 0.5116278529167175, "val_precision": 0.7857142686843872, "val_recall": 0.37931033968925476, "test_f1": 0.37341761589050293, "test_precision": 0.3487820327281952, "test_recall": 0.40179792046546936, "_wandb": {"runtime": 53}}